zip,locality,canton
2502,"Biel/Bienne,Evilard,Orvin",BE
2503,"Biel/Bienne,Bielersee (BE),Brügg,Nidau,Port",BE
2504,"Biel/Bienne,Brügg,Orpund,Orvin,Pieterlen,Safnern,Sauge",BE
2505,"Biel/Bienne,Bielersee (BE),Evilard,Twann-Tüscherz",BE
2512,"Biel/Bienne,Bielersee (BE),Plateau de Diesse,Twann-Tüscherz",BE
2513,"Bielersee (BE),Ligerz,Plateau de Diesse,Twann-Tüscherz",BE
2514,"Bielersee (BE),La Neuveville,Ligerz,Plateau de Diesse,Twann-Tüscherz",BE
2516,"Ligerz,Nods,Orvin,Plateau de Diesse,Twann-Tüscherz",BE
2517,"Nods,Plateau de Diesse",BE
2532,"Biel/Bienne,Evilard,Orvin,Plateau de Diesse,Twann-Tüscherz",BE
2533,"Biel/Bienne,Evilard,Orvin",BE
2534,"Biel/Bienne,Corgémont,Cortébert,Evilard,Nods,Orvin,Péry-La Heutte,Plateau de Diesse,Sonceboz-Sombeval",BE
2535,"Biel/Bienne,Orvin,Péry-La Heutte,Sauge",BE
2536,"Péry-La Heutte,Romont (BE),Sauge",BE
2537,"Biel/Bienne,Pieterlen,Romont (BE),Sauge",BE
2538,"Lengnau (BE),Pieterlen,Romont (BE),Sauge",BE
2542,"Biel/Bienne,Lengnau (BE),Meinisberg,Pieterlen,Romont (BE),Safnern,Sauge",BE
2552,"Biel/Bienne,Brügg,Orpund,Safnern,Scheuren,Schwadernau",BE
2553,"Biel/Bienne,Büren an der Aare,Meienried,Meinisberg,Orpund,Pieterlen,Safnern,Scheuren",BE
2554,"Büren an der Aare,Lengnau (BE),Meinisberg,Pieterlen,Safnern",BE
2555,"Aegerten,Biel/Bienne,Brügg,Orpund,Port,Schwadernau",BE
2556,"Aegerten,Büetigen,Dotzigen,Meienried,Safnern,Scheuren,Schwadernau,Studen (BE)",BE
2557,"Aegerten,Büetigen,Jens,Lyss,Schwadernau,Studen (BE),Worben",BE
2558,"Aegerten,Brügg,Jens,Port,Schwadernau,Studen (BE)",BE
2560,"Biel/Bienne,Bielersee (BE),Brügg,Ipsach,Nidau,Port",BE
2562,"Aegerten,Bellmund,Ipsach,Jens,Nidau,Port",BE
2563,"Bellmund,Bielersee (BE),Ipsach,Nidau,Port,Sutz-Lattrigen",BE
2564,"Bellmund,Hermrigen,Jens,Merzligen,Port,Sutz-Lattrigen",BE
2565,"Bellmund,Jens,Kappelen,Merzligen,Port,Studen (BE),Worben",BE
2572,"Bellmund,Bielersee (BE),Epsach,Hermrigen,Ipsach,Mörigen,Sutz-Lattrigen,Täuffelen",BE
2575,"Bielersee (BE),Epsach,Hagneck,Lüscherz,Mörigen,Siselen,Täuffelen,Walperswil",BE
2576,"Bielersee (BE),Brüttelen,Finsterhennen,Hagneck,Lüscherz,Siselen,Vinelz",BE
2577,"Bargen (BE),Brüttelen,Finsterhennen,Hagneck,Kallnach,Lüscherz,Siselen,Treiten,Walperswil",BE
2603,"Court,Orvin,Péry-La Heutte,Reconvilier,Romont (BE),Sauge,Valbirse",BE
2604,"Orvin,Péry-La Heutte,Sonceboz-Sombeval",BE
2605,"Corgémont,Orvin,Péry-La Heutte,Sonceboz-Sombeval",BE
2606,"Corgémont,Cortébert,Sonceboz-Sombeval",BE
2607,"Corgémont,Cortébert,Courtelary",BE
2608,"Corgémont,Cormoret,Cortébert,Courtelary,Nods,Villeret",BE
2612,"Cormoret,Courtelary,Villeret",BE
2710,"Mont-Tramelan,Péry-La Heutte,Reconvilier,Saicourt,Sonceboz-Sombeval,Tavannes,Tramelan",BE
2715,"Petit-Val,Rebévelier,Saicourt",BE
2732,"Loveresse,Péry-La Heutte,Petit-Val,Reconvilier,Saicourt,Saules (BE),Tavannes,Valbirse",BE
2733,"Loveresse,Petit-Val,Valbirse",BE
2735,"Champoz,Court,Loveresse,Moutier,Perrefitte,Péry-La Heutte,Petit-Val,Reconvilier,Sorvilier,Valbirse",BE
2736,"Champoz,Court,Péry-La Heutte,Romont (BE),Sorvilier,Valbirse",BE
2744,"Belprahon,Eschert,Grandval,Moutier,Roches (BE)",BE
3004,"Bern,Bremgarten bei Bern,Ittigen,Zollikofen",BE
3005,"Bern,Köniz",BE
3006,"Bern,Köniz,Muri bei Bern,Ostermundigen",BE
3007,"Bern,Köniz",BE
3008,"Bern,Köniz",BE
3010,Bern,BE
3011,Bern,BE
3012,"Bern,Bremgarten bei Bern",BE
3013,Bern,BE
3014,Bern,BE
3015,"Bern,Muri bei Bern,Ostermundigen",BE
3018,"Bern,Köniz",BE
3019,"Bern,Köniz,Neuenegg",BE
3020,"Bern,Frauenkappelen,Mühleberg,Neuenegg",BE
3027,"Bern,Frauenkappelen",BE
3032,"Bern,Frauenkappelen,Wohlen bei Bern",BE
3033,"Frauenkappelen,Wohlen bei Bern",BE
3034,"Frauenkappelen,Mühleberg,Radelfingen,Wohlen bei Bern",BE
3035,"Radelfingen,Seedorf (BE),Wohlen bei Bern",BE
3036,"Kallnach,Mühleberg,Radelfingen,Seedorf (BE),Wohlen bei Bern",BE
3037,"Bern,Bremgarten bei Bern,Kirchlindach,Wohlen bei Bern",BE
3038,"Bremgarten bei Bern,Kirchlindach,Meikirch,Münchenbuchsee,Schüpfen,Wohlen bei Bern,Zollikofen",BE
3042,"Kirchlindach,Meikirch,Wohlen bei Bern",BE
3043,"Bern,Kirchlindach,Meikirch,Wohlen bei Bern",BE
3044,"Seedorf (BE),Wohlen bei Bern",BE
3045,"Kirchlindach,Meikirch,Schüpfen,Seedorf (BE),Wohlen bei Bern",BE
3046,"Meikirch,Seedorf (BE),Wohlen bei Bern",BE
3047,"Bern,Bremgarten bei Bern,Kirchlindach,Zollikofen",BE
3048,"Bern,Ittigen,Zollikofen",BE
3049,"Meikirch,Wohlen bei Bern",BE
3052,"Bern,Bremgarten bei Bern,Ittigen,Kirchlindach,Moosseedorf,Münchenbuchsee,Zollikofen",BE
3053,"Deisswil bei Münchenbuchsee,Jegenstorf,Kirchlindach,Moosseedorf,Münchenbuchsee,Rapperswil (BE),Schüpfen,Urtenen-Schönbühl,Wiggiswil,Zollikofen,Zuzwil (BE)",BE
3054,"Grossaffoltern,Kirchlindach,Meikirch,Münchenbuchsee,Rapperswil (BE),Schüpfen,Seedorf (BE)",BE
3063,"Bern,Bolligen,Ittigen,Münchenbuchsee,Ostermundigen,Zollikofen",BE
3065,"Bolligen,Ittigen,Krauchthal,Mattstetten,Moosseedorf,Ostermundigen,Stettlen,Urtenen-Schönbühl",BE
3066,"Bolligen,Krauchthal,Muri bei Bern,Ostermundigen,Stettlen,Vechigen",BE
3067,"Bolligen,Krauchthal,Stettlen,Vechigen,Worb",BE
3068,"Hasle bei Burgdorf,Krauchthal,Oberburg,Vechigen,Walkringen,Worb",BE
3072,"Bern,Bolligen,Ittigen,Muri bei Bern,Ostermundigen",BE
3073,"Allmendingen,Bern,Muri bei Bern,Ostermundigen,Stettlen,Vechigen,Worb",BE
3074,"Allmendingen,Belp,Bern,Kehrsatz,Köniz,Muri bei Bern",BE
3075,"Allmendingen,Muri bei Bern,Rubigen,Vechigen,Worb",BE
3076,"Münsingen,Muri bei Bern,Rubigen,Stettlen,Vechigen,Walkringen,Worb",BE
3077,"Biglen,Walkringen,Worb",BE
3078,"Grosshöchstetten,Münsingen,Worb",BE
3082,"Biglen,Grosshöchstetten,Konolfingen,Münsingen,Worb",BE
3083,"Konolfingen,Münsingen,Rubigen,Worb",BE
3084,"Bern,Kehrsatz,Köniz",BE
3086,"Belp,Kehrsatz,Köniz,Niedermuhlern,Oberbalm,Toffen,Wald (BE)",BE
3087,"Niedermuhlern,Oberbalm,Rüeggisberg,Toffen,Wald (BE)",BE
3088,"Kaufdorf,Niedermuhlern,Oberbalm,Riggisberg,Rüeggisberg,Schwarzenburg,Toffen",BE
3089,"Rüeggisberg,Schwarzenburg",BE
3095,Köniz,BE
3096,"Köniz,Niedermuhlern,Oberbalm,Rüeggisberg,Schwarzenburg,Wald (BE)",BE
3097,"Bern,Köniz",BE
3098,"Bern,Kehrsatz,Köniz,Wald (BE)",BE
3099,"Blumenstein,Burgistein,Därstetten,Riggisberg,Rüeggisberg,Rüschegg,Wattenwil",BE
3110,"Belp,Gerzensee,Konolfingen,Münsingen,Rubigen,Wichtrach",BE
3111,"Häutligen,Konolfingen,Münsingen,Wichtrach",BE
3112,"Allmendingen,Belp,Muri bei Bern,Rubigen,Worb",BE
3113,"Allmendingen,Belp,Münsingen,Rubigen,Worb",BE
3114,"Gerzensee,Häutligen,Herbligen,Jaberg,Kiesen,Kirchdorf (BE),Münsingen,Oberdiessbach,Oppligen,Wichtrach",BE
3115,"Belp,Gerzensee,Kirchdorf (BE),Wichtrach",BE
3116,"Burgistein,Gerzensee,Jaberg,Kirchdorf (BE),Seftigen,Thurnen,Uetendorf,Uttigen",BE
3122,"Belp,Kehrsatz,Köniz,Muri bei Bern,Wald (BE)",BE
3123,"Belp,Gerzensee,Kehrsatz,Muri bei Bern,Rubigen,Toffen,Wald (BE)",BE
3124,"Belp,Gerzensee,Kirchdorf (BE)",BE
3125,"Belp,Kaufdorf,Kirchdorf (BE),Niedermuhlern,Rüeggisberg,Toffen,Wald (BE)",BE
3126,"Belp,Gerzensee,Kaufdorf,Kirchdorf (BE),Riggisberg,Rüeggisberg,Thurnen,Toffen",BE
3127,"Burgistein,Kirchdorf (BE),Riggisberg,Thurnen",BE
3128,"Kaufdorf,Kirchdorf (BE),Riggisberg,Thurnen",BE
3132,"Burgistein,Riggisberg,Rüeggisberg,Thurnen",BE
3144,"Köniz,Wald (BE)",BE
3145,"Köniz,Oberbalm,Wald (BE)",BE
3152,"Rüeggisberg,Rüschegg,Schwarzenburg",BE
3153,"Guggisberg,Rüschegg,Schwarzenburg",BE
3154,"Riggisberg,Rüeggisberg,Rüschegg,Schwarzenburg",BE
3155,"Riggisberg,Rüeggisberg,Rüschegg,Schwarzenburg",BE
3156,"Guggisberg,Rüschegg",BE
3157,"Guggisberg,Rüschegg,Schwarzenburg",BE
3172,"Bern,Köniz",BE
3173,"Bern,Köniz,Neuenegg",BE
3202,"Bern,Frauenkappelen,Mühleberg,Wohlen bei Bern",BE
3203,"Ferenbalm,Frauenkappelen,Mühleberg,Radelfingen,Wileroltigen,Wohlen bei Bern",BE
3204,"Bern,Frauenkappelen,Laupen,Mühleberg,Neuenegg",BE
3233,"Erlach,Gals,Gampelen,Ins,Tschugg",BE
3234,"Bielersee (BE),Brüttelen,Erlach,Ins,Lüscherz,Vinelz",BE
3235,"Bielersee (BE),Erlach,Gals,Tschugg,Twann-Tüscherz,Vinelz",BE
3237,"Brüttelen,Finsterhennen,Ins,Lüscherz,Müntschemier,Treiten",BE
3250,"Aarberg,Büetigen,Diessbach bei Büren,Grossaffoltern,Kappelen,Lyss,Seedorf (BE),Worben",BE
3252,"Jens,Kappelen,Lyss,Studen (BE),Worben",BE
3256,"Deisswil bei Münchenbuchsee,Iffwil,Jegenstorf,Rapperswil (BE),Schüpfen,Zuzwil (BE)",BE
3257,"Diessbach bei Büren,Grossaffoltern,Lyss,Rapperswil (BE),Schüpfen,Wengi",BE
3262,"Grossaffoltern,Lyss,Schüpfen,Seedorf (BE)",BE
3263,"Büetigen,Diessbach bei Büren,Dotzigen,Lyss,Schwadernau,Studen (BE)",BE
3266,"Aarberg,Grossaffoltern,Lyss,Schüpfen,Seedorf (BE)",BE
3267,"Aarberg,Meikirch,Schüpfen,Seedorf (BE)",BE
3268,"Aarberg,Meikirch,Radelfingen,Seedorf (BE),Wohlen bei Bern",BE
3270,"Aarberg,Bargen (BE),Kappelen,Lyss,Radelfingen,Seedorf (BE)",BE
3271,"Bargen (BE),Kallnach,Radelfingen,Seedorf (BE)",BE
3272,"Bargen (BE),Bühl,Epsach,Hagneck,Hermrigen,Kappelen,Mörigen,Siselen,Täuffelen,Walperswil",BE
3273,"Aarberg,Bargen (BE),Bühl,Hermrigen,Jens,Kappelen,Lyss,Merzligen,Walperswil,Worben",BE
3274,"Bellmund,Bühl,Epsach,Hermrigen,Jens,Kappelen,Merzligen,Mörigen,Sutz-Lattrigen,Walperswil",BE
3282,"Aarberg,Bargen (BE),Kallnach,Radelfingen,Siselen,Walperswil",BE
3292,"Büetigen,Lyss,Studen (BE),Worben",BE
3293,"Büetigen,Büren an der Aare,Diessbach bei Büren,Dotzigen,Meienried,Schwadernau",BE
3302,"Bolligen,Ittigen,Moosseedorf,Münchenbuchsee,Urtenen-Schönbühl,Wiggiswil",BE
3303,"Deisswil bei Münchenbuchsee,Fraubrunnen,Hindelbank,Iffwil,Jegenstorf,Kernenried,Mattstetten,Rapperswil (BE),Urtenen-Schönbühl,Wiggiswil,Zuzwil (BE)",BE
3308,"Fraubrunnen,Iffwil,Jegenstorf",BE
3309,"Fraubrunnen,Hindelbank,Jegenstorf,Kernenried,Lyssach",BE
3312,"Aefligen,Fraubrunnen,Kernenried,Lyssach,Rüdtligen-Alchenflüh",BE
3313,Fraubrunnen,BE
3314,"Aefligen,Bätterkinden,Fraubrunnen",BE
3322,"Bäriswil,Bolligen,Hindelbank,Jegenstorf,Krauchthal,Mattstetten,Moosseedorf,Urtenen-Schönbühl,Wiggiswil",BE
3323,"Bäriswil,Hindelbank,Krauchthal,Mattstetten",BE
3324,"Bäriswil,Burgdorf,Hindelbank,Jegenstorf,Kernenried,Krauchthal,Lyssach,Mattstetten,Rüti bei Lyssach",BE
3325,"Bäriswil,Burgdorf,Hindelbank,Krauchthal",BE
3326,"Bäriswil,Bolligen,Krauchthal,Lützelflüh,Mattstetten,Oberburg,Vechigen",BE
3360,"Bettenhausen,Graben,Heimenhausen,Herzogenbuchsee,Niederönz,Thörigen,Thunstetten",BE
3367,"Bettenhausen,Bleienbach,Herzogenbuchsee,Madiswil,Ochlenberg,Rütschelen,Thörigen,Thunstetten,Ursenbach",BE
3368,"Bleienbach,Langenthal,Lotzwil,Ochlenberg,Rütschelen,Thörigen,Thunstetten",BE
3372,"Heimenhausen,Herzogenbuchsee,Niederönz",BE
3373,"Berken,Graben,Heimenhausen,Herzogenbuchsee,Inkwil,Niederönz,Walliswil bei Wangen,Wangen an der Aare",BE
3376,"Aarwangen,Bannwil,Berken,Graben,Heimenhausen,Herzogenbuchsee,Thunstetten,Walliswil bei Wangen",BE
3377,"Berken,Heimenhausen,Walliswil bei Wangen,Wangen an der Aare",BE
3400,"Burgdorf,Heimiswil,Hindelbank,Kirchberg (BE),Krauchthal,Lyssach,Oberburg,Rüti bei Lyssach,Wynigen",BE
3412,"Burgdorf,Heimiswil,Rüegsau",BE
3413,"Affoltern im Emmental,Burgdorf,Heimiswil,Wynigen",BE
3414,"Burgdorf,Hasle bei Burgdorf,Heimiswil,Krauchthal,Lützelflüh,Oberburg,Vechigen",BE
3415,"Burgdorf,Hasle bei Burgdorf,Heimiswil,Lützelflüh,Oberburg,Rüegsau,Walkringen",BE
3416,"Affoltern im Emmental,Heimiswil,Rüegsau,Sumiswald,Wynigen",BE
3417,"Heimiswil,Lützelflüh,Rüegsau",BE
3418,"Affoltern im Emmental,Heimiswil,Lützelflüh,Rüegsau,Sumiswald",BE
3419,"Hasle bei Burgdorf,Lützelflüh,Oberburg,Vechigen,Walkringen",BE
3421,"Burgdorf,Fraubrunnen,Hindelbank,Kernenried,Kirchberg (BE),Lyssach,Oberburg,Rüdtligen-Alchenflüh,Rüti bei Lyssach",BE
3422,"Aefligen,Burgdorf,Ersigen,Fraubrunnen,Kirchberg (BE),Lyssach,Rüdtligen-Alchenflüh,Utzenstorf,Wynigen",BE
3423,"Ersigen,Kirchberg (BE),Rumendingen,Utzenstorf",BE
3424,"Alchenstorf,Ersigen,Koppigen,Rumendingen,Utzenstorf",BE
3426,"Aefligen,Bätterkinden,Fraubrunnen,Rüdtligen-Alchenflüh,Utzenstorf",BE
3427,"Aefligen,Bätterkinden,Ersigen,Kirchberg (BE),Koppigen,Utzenstorf,Wiler bei Utzenstorf,Zielebach",BE
3428,"Bätterkinden,Utzenstorf,Wiler bei Utzenstorf,Zielebach",BE
3432,"Hasle bei Burgdorf,Lützelflüh,Rüderswil,Rüegsau,Walkringen",BE
3433,"Hasle bei Burgdorf,Landiswil,Lauperswil,Lützelflüh,Rüderswil",BE
3434,"Arni (BE),Landiswil,Lauperswil,Lützelflüh,Rüderswil,Walkringen",BE
3435,"Lützelflüh,Rüderswil",BE
3436,"Langnau im Emmental,Lauperswil,Rüderswil,Trachselwald",BE
3437,"Lauperswil,Lützelflüh,Rüderswil",BE
3438,"Landiswil,Lauperswil,Rüderswil",BE
3439,"Lützelflüh,Rüderswil,Trachselwald",BE
3452,"Lützelflüh,Rüegsau,Sumiswald,Trachselwald",BE
3453,"Langnau im Emmental,Lauperswil,Lützelflüh,Rüderswil,Sumiswald,Trachselwald",BE
3454,"Affoltern im Emmental,Lützelflüh,Rüegsau,Sumiswald,Trachselwald",BE
3455,"Lützelflüh,Sumiswald,Trachselwald",BE
3456,"Lützelflüh,Sumiswald,Trachselwald",BE
3462,"Affoltern im Emmental,Dürrenroth,Sumiswald",BE
3463,"Affoltern im Emmental,Dürrenroth,Walterswil (BE),Wynigen",BE
3464,"Affoltern im Emmental,Dürrenroth,Heimiswil,Oeschenbach,Walterswil (BE),Wynigen",BE
3465,"Affoltern im Emmental,Dürrenroth,Huttwil,Rohrbachgraben,Sumiswald,Walterswil (BE),Wyssachen",BE
3472,"Affoltern im Emmental,Alchenstorf,Burgdorf,Ersigen,Heimiswil,Kirchberg (BE),Rumendingen,Seeberg,Wynigen",BE
3473,"Alchenstorf,Ersigen,Hellsau,Höchstetten,Koppigen,Rumendingen,Seeberg,Wynigen",BE
3474,"Ochlenberg,Oeschenbach,Seeberg,Wynigen",BE
3476,"Bettenhausen,Ochlenberg,Oeschenbach,Seeberg,Thörigen,Ursenbach,Wynigen",BE
3503,"Grosshöchstetten,Konolfingen,Münsingen",BE
3504,"Bowil,Freimettigen,Konolfingen,Linden,Mirchel,Niederhünigen,Oberhünigen,Zäziwil",BE
3506,"Arni (BE),Biglen,Grosshöchstetten,Konolfingen,Mirchel,Oberthal,Zäziwil",BE
3507,"Arni (BE),Biglen,Grosshöchstetten,Walkringen,Worb",BE
3508,"Arni (BE),Biglen,Grosshöchstetten,Landiswil,Oberthal,Walkringen",BE
3510,"Freimettigen,Grosshöchstetten,Häutligen,Konolfingen,Linden,Mirchel,Münsingen,Niederhünigen,Oberdiessbach,Wichtrach",BE
3512,"Arni (BE),Biglen,Landiswil,Vechigen,Walkringen,Worb",BE
3513,"Hasle bei Burgdorf,Lützelflüh,Vechigen,Walkringen",BE
3531,"Arni (BE),Bowil,Lauperswil,Oberthal,Signau,Zäziwil",BE
3532,"Bowil,Grosshöchstetten,Konolfingen,Mirchel,Niederhünigen,Oberhünigen,Oberthal,Zäziwil",BE
3533,"Bowil,Linden,Oberhünigen,Oberthal,Röthenbach im Emmental,Signau,Zäziwil",BE
3534,"Bowil,Eggiwil,Lauperswil,Oberthal,Röthenbach im Emmental,Signau",BE
3535,"Eggiwil,Langnau im Emmental,Lauperswil,Signau",BE
3536,"Eggiwil,Langnau im Emmental,Signau",BE
3538,"Bowil,Buchholterberg,Eggiwil,Linden,Röthenbach im Emmental,Signau,Wachseldorn",BE
3543,"Arni (BE),Landiswil,Langnau im Emmental,Lauperswil,Oberthal,Signau",BE
3550,"Eggiwil,Langnau im Emmental,Lauperswil,Signau,Trubschachen",BE
3551,"Langnau im Emmental,Lauperswil,Trachselwald",BE
3552,"Langnau im Emmental,Trub,Trubschachen",BE
3553,"Langnau im Emmental,Sumiswald,Trachselwald,Trub",BE
3600,"Hilterfingen,Steffisburg,Thun,Thunersee",BE
3603,"Thierachern,Thun,Uetendorf",BE
3604,"Thun,Thunersee",BE
3608,"Amsoldingen,Reutigen,Thierachern,Thun",BE
3612,"Fahrni,Heimberg,Homberg,Steffisburg,Thun",BE
3613,"Heimberg,Steffisburg,Thun,Uetendorf",BE
3614,"Buchholterberg,Fahrni,Homberg,Horrenbach-Buchen,Oberlangenegg,Unterlangenegg",BE
3615,"Buchholterberg,Fahrni,Linden,Oberdiessbach,Röthenbach im Emmental,Unterlangenegg,Wachseldorn",BE
3616,"Buchholterberg,Eriz,Horrenbach-Buchen,Oberlangenegg,Röthenbach im Emmental,Teuffenthal (BE),Unterlangenegg,Wachseldorn",BE
3617,"Buchholterberg,Fahrni,Heimberg,Homberg,Oberdiessbach,Steffisburg,Unterlangenegg",BE
3618,"Buchholterberg,Eggiwil,Eriz,Oberlangenegg,Röthenbach im Emmental,Unterlangenegg,Wachseldorn",BE
3619,"Beatenberg,Eriz,Habkern,Horrenbach-Buchen,Oberlangenegg,Röthenbach im Emmental,Schangnau,Sigriswil,Teuffenthal (BE)",BE
3622,"Fahrni,Heiligenschwendi,Homberg,Horrenbach-Buchen,Steffisburg,Teuffenthal (BE),Thun,Unterlangenegg",BE
3623,"Eriz,Heiligenschwendi,Homberg,Horrenbach-Buchen,Sigriswil,Teuffenthal (BE),Unterlangenegg",BE
3624,"Heiligenschwendi,Hilterfingen,Homberg,Steffisburg,Thun",BE
3625,"Heiligenschwendi,Hilterfingen,Homberg,Oberhofen am Thunersee,Sigriswil,Teuffenthal (BE),Thun",BE
3626,"Heiligenschwendi,Hilterfingen,Thun,Thunersee",BE
3627,"Brenzikofen,Fahrni,Heimberg,Kiesen,Oppligen,Steffisburg,Uetendorf,Uttigen",BE
3628,"Heimberg,Jaberg,Kiesen,Kirchdorf (BE),Uetendorf,Uttigen",BE
3629,"Brenzikofen,Heimberg,Herbligen,Jaberg,Kiesen,Kirchdorf (BE),Oppligen,Uttigen,Wichtrach",BE
3631,"Amsoldingen,Pohlern,Reutigen,Stocken-Höfen,Uebeschi",BE
3632,"Därstetten,Erlenbach im Simmental,Pohlern,Reutigen,Stocken-Höfen",BE
3633,"Amsoldingen,Reutigen,Stocken-Höfen,Thierachern,Thun,Uebeschi",BE
3634,"Amsoldingen,Forst-Längenbühl,Thierachern,Thun,Uebeschi,Uetendorf",BE
3635,"Amsoldingen,Blumenstein,Forst-Längenbühl,Pohlern,Stocken-Höfen,Thierachern,Uebeschi",BE
3636,"Blumenstein,Forst-Längenbühl,Gurzelen,Thierachern,Uebeschi,Uetendorf,Wattenwil",BE
3638,"Blumenstein,Därstetten,Forst-Längenbühl,Pohlern,Riggisberg,Rüeggisberg,Stocken-Höfen,Uebeschi,Wattenwil",BE
3645,"Amsoldingen,Reutigen,Spiez,Stocken-Höfen,Thun,Thunersee",BE
3646,"Reutigen,Spiez,Thun,Thunersee",BE
3647,"Erlenbach im Simmental,Reutigen,Spiez,Stocken-Höfen,Wimmis",BE
3652,"Heiligenschwendi,Hilterfingen,Oberhofen am Thunersee,Thunersee",BE
3653,"Heiligenschwendi,Hilterfingen,Oberhofen am Thunersee,Sigriswil,Thunersee",BE
3654,"Oberhofen am Thunersee,Sigriswil,Thunersee",BE
3655,Sigriswil,BE
3656,"Heiligenschwendi,Oberhofen am Thunersee,Sigriswil",BE
3657,"Beatenberg,Heiligenschwendi,Horrenbach-Buchen,Sigriswil,Teuffenthal (BE)",BE
3658,"Beatenberg,Sigriswil,Thunersee",BE
3661,"Forst-Längenbühl,Gurzelen,Kirchdorf (BE),Seftigen,Thierachern,Thun,Uetendorf,Uttigen",BE
3662,"Burgistein,Gurzelen,Kirchdorf (BE),Seftigen,Uetendorf",BE
3663,"Burgistein,Forst-Längenbühl,Gurzelen,Seftigen,Uetendorf,Wattenwil",BE
3664,"Burgistein,Gurzelen,Kirchdorf (BE),Riggisberg,Seftigen,Thurnen,Wattenwil",BE
3665,"Blumenstein,Burgistein,Forst-Längenbühl,Gurzelen,Riggisberg,Wattenwil",BE
3671,"Brenzikofen,Fahrni,Heimberg,Herbligen,Oberdiessbach,Oppligen,Wichtrach",BE
3672,"Buchholterberg,Freimettigen,Häutligen,Herbligen,Linden,Oberdiessbach,Wichtrach",BE
3673,"Bowil,Buchholterberg,Freimettigen,Linden,Niederhünigen,Oberdiessbach,Oberhünigen,Röthenbach im Emmental",BE
3674,"Brenzikofen,Buchholterberg,Fahrni,Herbligen,Oberdiessbach",BE
3700,"Aeschi bei Spiez,Reutigen,Spiez,Thunersee,Wimmis",BE
3702,"Aeschi bei Spiez,Spiez",BE
3703,"Aeschi bei Spiez,Krattigen,Lauterbrunnen,Leissigen,Reichenbach im Kandertal,Saxeten,Spiez",BE
3704,"Aeschi bei Spiez,Krattigen,Leissigen,Spiez,Thunersee",BE
3705,"Krattigen,Spiez,Thunersee",BE
3706,"Aeschi bei Spiez,Därligen,Krattigen,Leissigen,Saxeten,Thunersee",BE
3707,"Därligen,Interlaken,Leissigen,Matten bei Interlaken,Saxeten,Thunersee,Wilderswil",BE
3711,"Aeschi bei Spiez,Reichenbach im Kandertal,Spiez,Wimmis",BE
3713,"Aeschi bei Spiez,Frutigen,Reichenbach im Kandertal,Wimmis",BE
3714,"Diemtigen,Frutigen,Kandergrund,Reichenbach im Kandertal",BE
3716,"Frutigen,Kandergrund",BE
3717,"Frutigen,Kandergrund,Kandersteg",BE
3722,Reichenbach im Kandertal,BE
3723,"Aeschi bei Spiez,Frutigen,Kandergrund,Kandersteg,Lauterbrunnen,Reichenbach im Kandertal",BE
3724,"Diemtigen,Frutigen",BE
3725,"Adelboden,Diemtigen,Frutigen,Kandergrund,Kandersteg",BE
3752,"Aeschi bei Spiez,Diemtigen,Erlenbach im Simmental,Reichenbach im Kandertal,Reutigen,Wimmis",BE
3753,"Diemtigen,Reichenbach im Kandertal,Wimmis",BE
3754,"Diemtigen,Erlenbach im Simmental",BE
3755,"Diemtigen,Erlenbach im Simmental,Frutigen,Reichenbach im Kandertal",BE
3756,"Därstetten,Diemtigen,Erlenbach im Simmental,Oberwil im Simmental,Zweisimmen",BE
3757,"Adelboden,Diemtigen,Frutigen,St. Stephan,Zweisimmen",BE
3758,"Diemtigen,Erlenbach im Simmental,Reutigen,Wimmis",BE
3762,"Därstetten,Diemtigen,Erlenbach im Simmental,Reutigen",BE
3763,"Blumenstein,Därstetten,Erlenbach im Simmental,Pohlern",BE
3764,"Därstetten,Diemtigen,Erlenbach im Simmental,Oberwil im Simmental,Rüeggisberg,Rüschegg",BE
3770,"Boltigen,Diemtigen,St. Stephan,Zweisimmen",BE
3771,"Diemtigen,St. Stephan,Zweisimmen",BE
3772,"Lenk,Saanen,St. Stephan,Zweisimmen",BE
3773,"Adelboden,Diemtigen,Lenk,St. Stephan,Zweisimmen",BE
3776,"Boltigen,Saanen,St. Stephan,Zweisimmen",BE
3777,"Saanen,Zweisimmen",BE
3780,"Lauenen,Saanen",BE
3781,"Lauenen,Lenk,Saanen,St. Stephan",BE
3800,"Beatenberg,Bönigen,Brienzersee,Därligen,Habkern,Interlaken,Matten bei Interlaken,Ringgenberg (BE),Sigriswil,Thunersee,Unterseen,Wilderswil",BE
3803,"Beatenberg,Habkern,Horrenbach-Buchen,Sigriswil,Unterseen",BE
3804,"Beatenberg,Eriz,Habkern,Niederried bei Interlaken,Oberried am Brienzersee,Ringgenberg (BE),Schangnau,Unterseen",BE
3805,"Brienzersee,Interlaken,Ringgenberg (BE),Unterseen",BE
3806,"Bönigen,Brienzersee,Gsteigwiler,Gündlischwand,Interlaken,Iseltwald,Matten bei Interlaken,Wilderswil",BE
3807,"Bönigen,Brienz (BE),Brienzersee,Grindelwald,Gündlischwand,Iseltwald,Lütschental",BE
3812,"Bönigen,Därligen,Gsteigwiler,Gündlischwand,Lauterbrunnen,Matten bei Interlaken,Saxeten,Wilderswil",BE
3813,"Aeschi bei Spiez,Därligen,Lauterbrunnen,Leissigen,Saxeten,Wilderswil",BE
3814,"Bönigen,Gsteigwiler,Gündlischwand,Matten bei Interlaken,Wilderswil",BE
3815,"Bönigen,Gsteigwiler,Gündlischwand,Iseltwald,Lauterbrunnen,Lütschental,Wilderswil",BE
3816,"Grindelwald,Gündlischwand,Lauterbrunnen,Lütschental",BE
3822,"Aeschi bei Spiez,Lauterbrunnen,Reichenbach im Kandertal,Saxeten,Wilderswil",BE
3825,Lauterbrunnen,BE
3826,"Lauterbrunnen,Reichenbach im Kandertal",BE
3852,"Brienzersee,Habkern,Niederried bei Interlaken,Ringgenberg (BE),Unterseen",BE
3853,"Brienzersee,Habkern,Niederried bei Interlaken,Oberried am Brienzersee,Ringgenberg (BE)",BE
3857,"Brienz (BE),Brienzwiler,Meiringen",BE
3858,"Brienz (BE),Brienzwiler,Hofstetten bei Brienz,Schwanden bei Brienz",BE
4537,"Attiswil,Oberbipp,Rumisberg,Walliswil bei Niederbipp,Walliswil bei Wangen,Wangen an der Aare,Wiedlisbach",BE
4538,"Bannwil,Niederbipp,Oberbipp,Rumisberg,Walliswil bei Niederbipp,Wiedlisbach",BE
4900,"Aarwangen,Bleienbach,Langenthal,Lotzwil,Roggwil (BE),Thunstetten",BE
4912,"Aarwangen,Bannwil,Graben,Langenthal,Roggwil (BE),Schwarzhäusern,Thunstetten,Wynau",BE
4913,"Aarwangen,Bannwil,Berken,Graben,Niederbipp,Oberbipp,Walliswil bei Niederbipp",BE
4919,"Gondiswil,Madiswil,Melchnau,Reisiswil",BE
4922,"Aarwangen,Bleienbach,Graben,Herzogenbuchsee,Langenthal,Thörigen,Thunstetten",BE
4924,"Busswil bei Melchnau,Langenthal,Lotzwil",BE
4932,"Bleienbach,Busswil bei Melchnau,Langenthal,Lotzwil,Madiswil,Rütschelen",BE
4933,"Bleienbach,Lotzwil,Madiswil,Ochlenberg,Rütschelen",BE
4934,"Auswil,Busswil bei Melchnau,Gondiswil,Lotzwil,Madiswil,Melchnau,Reisiswil,Rütschelen",BE
4935,"Madiswil,Ochlenberg,Rütschelen,Ursenbach",BE
4936,"Auswil,Madiswil,Rohrbach,Rohrbachgraben,Ursenbach",BE
4937,"Madiswil,Ochlenberg,Oeschenbach,Rohrbachgraben,Ursenbach,Walterswil (BE)",BE
4938,"Auswil,Dürrenroth,Huttwil,Madiswil,Rohrbach,Rohrbachgraben,Ursenbach,Walterswil (BE)",BE
4942,"Dürrenroth,Oeschenbach,Rohrbachgraben,Ursenbach,Walterswil (BE)",BE
4943,"Ochlenberg,Oeschenbach,Seeberg,Ursenbach,Walterswil (BE),Wynigen",BE
4944,"Auswil,Gondiswil,Huttwil,Madiswil,Rohrbach",BE
4953,"Dürrenroth,Huttwil,Rohrbachgraben,Wyssachen",BE
4954,"Dürrenroth,Eriswil,Huttwil,Sumiswald,Wyssachen",BE
6085,"Hasliberg,Meiringen",BE
1201,Genève,GE
1202,"Cologny,Genève,Le Grand-Saconnex,Pregny-Chambésy",GE
1203,"Genève,Vernier",GE
1204,Genève,GE
1205,"Carouge (GE),Genève",GE
1206,"Carouge (GE),Chêne-Bougeries,Genève,Veyrier",GE
1207,"Cologny,Genève",GE
1208,"Chêne-Bougeries,Cologny,Genève",GE
1209,"Genève,Le Grand-Saconnex,Vernier",GE
1212,"Carouge (GE),Confignon,Lancy,Onex,Plan-les-Ouates",GE
1213,"Bernex,Confignon,Genève,Lancy,Onex,Vernier",GE
1214,"Bernex,Meyrin,Satigny,Vernier",GE
1215,"Bellevue,Le Grand-Saconnex,Meyrin,Vernier",GE
1216,"Genève,Le Grand-Saconnex,Meyrin,Vernier",GE
1217,"Le Grand-Saconnex,Meyrin,Satigny,Vernier",GE
1218,"Bellevue,Genève,Le Grand-Saconnex,Meyrin,Pregny-Chambésy,Vernier",GE
1219,"Bernex,Genève,Lancy,Onex,Vernier",GE
1220,"Meyrin,Vernier",GE
1222,"Bellevue,Choulex,Collonge-Bellerive,Cologny,Corsier (GE),Meinier,Pregny-Chambésy",GE
1223,"Chêne-Bougeries,Collonge-Bellerive,Cologny,Genève,Pregny-Chambésy,Vandoeuvres",GE
1224,"Chêne-Bougeries,Chêne-Bourg,Cologny,Genève,Thônex,Vandoeuvres",GE
1225,"Chêne-Bougeries,Chêne-Bourg,Thônex,Vandoeuvres",GE
1226,"Chêne-Bougeries,Chêne-Bourg,Puplinge,Thônex,Vandoeuvres,Veyrier",GE
1227,"Carouge (GE),Genève,Lancy,Plan-les-Ouates,Veyrier",GE
1228,"Bardonnex,Confignon,Lancy,Perly-Certoux,Plan-les-Ouates",GE
1231,"Chêne-Bougeries,Genève,Thônex,Veyrier",GE
1232,"Bernex,Confignon,Onex,Perly-Certoux,Plan-les-Ouates",GE
1233,"Aire-la-Ville,Bernex,Cartigny,Confignon,Laconnex,Onex,Perly-Certoux,Satigny,Soral,Vernier",GE
1234,"Carouge (GE),Chêne-Bougeries,Genève,Lancy,Plan-les-Ouates,Troinex,Veyrier",GE
1236,"Aire-la-Ville,Avully,Avusy,Bernex,Cartigny,Laconnex,Russin",GE
1237,"Avully,Avusy,Cartigny,Chancy,Dardagny,Russin",GE
1239,"Bellevue,Collex-Bossy,Versoix",GE
1241,"Choulex,Presinge,Puplinge,Thônex",GE
1242,"Aire-la-Ville,Bernex,Dardagny,Meyrin,Russin,Satigny,Vernier",GE
1243,"Choulex,Jussy,Meinier,Presinge,Puplinge",GE
1244,"Choulex,Collonge-Bellerive,Cologny,Meinier,Presinge,Puplinge,Thônex,Vandoeuvres",GE
1245,"Bellevue,Collonge-Bellerive,Corsier (GE),Genthod",GE
1246,"Anières,Collonge-Bellerive,Corsier (GE),Gy,Meinier",GE
1247,"Anières,Corsier (GE)",GE
1248,"Anières,Hermance",GE
1251,"Corsier (GE),Gy,Jussy,Meinier",GE
1252,"Choulex,Collonge-Bellerive,Corsier (GE),Gy,Jussy,Meinier,Presinge",GE
1253,"Chêne-Bougeries,Chêne-Bourg,Choulex,Cologny,Thônex,Vandoeuvres",GE
1254,"Gy,Jussy,Meinier,Presinge",GE
1255,"Chêne-Bougeries,Troinex,Veyrier",GE
1256,"Bardonnex,Carouge (GE),Lancy,Plan-les-Ouates,Troinex,Veyrier",GE
1257,"Bardonnex,Plan-les-Ouates,Troinex",GE
1258,"Bardonnex,Bernex,Confignon,Perly-Certoux,Plan-les-Ouates",GE
1281,"Aire-la-Ville,Avully,Cartigny,Dardagny,Russin,Satigny",GE
1283,"Avully,Dardagny,Russin,Satigny",GE
1284,"Avully,Avusy,Chancy",GE
1285,"Avully,Avusy,Chancy,Laconnex,Soral",GE
1286,"Avusy,Bernex,Laconnex,Perly-Certoux,Soral",GE
1287,"Avusy,Bernex,Cartigny,Laconnex,Soral",GE
1288,"Aire-la-Ville,Bernex,Cartigny,Russin,Satigny",GE
1292,"Bellevue,Cologny,Genève,Le Grand-Saconnex,Pregny-Chambésy",GE
1293,"Bellevue,Collex-Bossy,Genthod,Le Grand-Saconnex,Pregny-Chambésy",GE
1294,"Bellevue,Collonge-Bellerive,Genthod",GE
7317,"Bad Ragaz,Pfäfers",SG
7320,"Mels,Sargans,Wartau",SG
7323,"Bad Ragaz,Mels,Vilters-Wangs",SG
7324,"Bad Ragaz,Mels,Vilters-Wangs",SG
7325,"Mels,Pfäfers,Vilters-Wangs",SG
8646,"Eschenbach (SG),Rapperswil-Jona",SG
8722,"Benken (SG),Ebnat-Kappel,Gommiswald,Kaltbrunn,Schänis,Uznach",SG
8723,"Amden,Benken (SG),Ebnat-Kappel,Kaltbrunn,Schänis,Weesen",SG
8725,"Eschenbach (SG),Gommiswald,Uznach",SG
8726,"Ebnat-Kappel,Eschenbach (SG),Gommiswald,Wattwil",SG
8727,"Eschenbach (SG),Gommiswald,Wattwil",SG
8732,"Eschenbach (SG),Schmerikon,Uznach",SG
8735,"Eschenbach (SG),Gommiswald,Uznach,Wattwil",SG
8737,"Gommiswald,Kaltbrunn,Uznach",SG
8738,"Ebnat-Kappel,Gommiswald,Kaltbrunn",SG
8739,"Ebnat-Kappel,Gommiswald,Kaltbrunn",SG
8880,"Flums,Quarten,Walenstadt",SG
8881,"Grabs,Quarten,Walenstadt,Wildhaus-Alt St. Johann",SG
8882,"Quarten,Walenstadt",SG
8883,Quarten,SG
8884,"Flums,Quarten",SG
8885,"Flums,Quarten,Walenstadt",SG
8886,"Flums,Mels",SG
8887,"Mels,Sargans,Vilters-Wangs",SG
8888,"Flums,Mels,Sargans,Wartau",SG
8889,"Flums,Mels",SG
8890,"Flums,Walenstadt",SG
8892,"Flums,Grabs,Sevelen,Walenstadt,Wartau",SG
8893,"Flums,Mels,Walenstadt,Wartau",SG
8894,"Flums,Mels",SG
8895,Flums,SG
8896,"Flums,Quarten,Walenstadt",SG
8898,"Flums,Quarten",SG
9000,"Gaiserwald,St. Gallen",SG
9008,"St. Gallen,Wittenbach",SG
9010,"Gaiserwald,St. Gallen,Wittenbach",SG
9030,"Gaiserwald,Gossau (SG),St. Gallen,Waldkirch",SG
9032,"Gaiserwald,St. Gallen,Waldkirch,Wittenbach",SG
9033,"Eggersriet,Goldach,Mörschwil,Rorschacherberg,St. Gallen,Untereggen",SG
9116,"Degersheim,Flawil,Lütisburg,Neckertal,Oberuzwil",SG
9122,"Bütschwil-Ganterschwil,Neckertal",SG
9123,"Bütschwil-Ganterschwil,Degersheim,Lütisburg,Neckertal",SG
9125,"Neckertal,Wattwil",SG
9126,Neckertal,SG
9127,Neckertal,SG
9203,"Flawil,Gossau (SG),Niederbüren,Oberbüren,Oberuzwil",SG
9204,"Andwil (SG),Gaiserwald,Gossau (SG),Waldkirch",SG
9212,"Andwil (SG),Gossau (SG),Niederbüren,Waldkirch",SG
9230,"Degersheim,Flawil,Gossau (SG),Oberbüren,Oberuzwil",SG
9240,"Flawil,Oberbüren,Oberuzwil,Uzwil",SG
9242,"Jonschwil,Oberuzwil,Uzwil",SG
9243,"Jonschwil,Kirchberg (SG),Lütisburg,Oberuzwil,Uzwil",SG
9244,"Oberbüren,Oberuzwil,Uzwil",SG
9245,"Niederbüren,Niederhelfenschwil,Oberbüren,Oberuzwil,Uzwil,Zuzwil (SG)",SG
9247,Uzwil,SG
9248,"Degersheim,Jonschwil,Oberuzwil",SG
9249,"Jonschwil,Oberuzwil,Uzwil,Wil (SG),Zuzwil (SG)",SG
9304,"Gaiserwald,Häggenschwil,Waldkirch,Wittenbach",SG
9400,"Bodensee (SG),Goldach,Rorschach,Rorschacherberg",SG
9402,"Berg (SG),Goldach,Mörschwil,Steinach,St. Gallen,Tübach,Untereggen,Wittenbach",SG
9423,"Bodensee (SG),Rheineck,Thal",SG
9435,"Au (SG),Balgach,Berneck,Widnau",SG
9443,"Au (SG),Balgach,Diepoldsau,Widnau",SG
9444,"Balgach,Diepoldsau,Oberriet (SG),Widnau",SG
9451,"Altstätten,Diepoldsau,Marbach (SG),Oberriet (SG),Rebstein",SG
9452,"Altstätten,Eichberg",SG
9462,"Altstätten,Oberriet (SG)",SG
9465,Sennwald,SG
9469,"Buchs (SG),Gams,Grabs,Sennwald",SG
9470,"Buchs (SG),Grabs,Sevelen",SG
9472,"Buchs (SG),Gams,Grabs,Sevelen,Walenstadt,Wildhaus-Alt St. Johann",SG
9473,"Buchs (SG),Gams,Grabs,Sennwald,Wildhaus-Alt St. Johann",SG
9475,"Buchs (SG),Grabs,Sevelen,Walenstadt,Wartau",SG
9476,"Sevelen,Wartau",SG
9477,"Sargans,Wartau",SG
9478,"Flums,Mels,Sargans,Walenstadt,Wartau",SG
9479,"Sevelen,Wartau",SG
9523,"Uzwil,Wil (SG),Zuzwil (SG)",SG
9601,"Bütschwil-Ganterschwil,Kirchberg (SG),Lütisburg,Mosnang",SG
9602,"Jonschwil,Kirchberg (SG),Lütisburg,Mosnang",SG
9604,"Bütschwil-Ganterschwil,Degersheim,Jonschwil,Kirchberg (SG),Lütisburg,Neckertal,Oberuzwil",SG
9606,"Bütschwil-Ganterschwil,Mosnang,Neckertal,Wattwil",SG
9607,"Bütschwil-Ganterschwil,Kirchberg (SG),Mosnang",SG
9608,"Bütschwil-Ganterschwil,Lütisburg,Neckertal",SG
9615,"Bütschwil-Ganterschwil,Lichtensteig,Mosnang,Neckertal,Wattwil",SG
9620,"Bütschwil-Ganterschwil,Lichtensteig,Neckertal,Wattwil",SG
9621,"Bütschwil-Ganterschwil,Lichtensteig,Neckertal",SG
9622,"Bütschwil-Ganterschwil,Mosnang,Wattwil",SG
9630,"Ebnat-Kappel,Eschenbach (SG),Lichtensteig,Mosnang,Neckertal,Wattwil",SG
9631,"Ebnat-Kappel,Wattwil",SG
9642,"Amden,Ebnat-Kappel,Gommiswald,Kaltbrunn,Neckertal,Nesslau,Schänis,Wattwil",SG
9643,"Ebnat-Kappel,Neckertal,Nesslau",SG
9650,"Amden,Ebnat-Kappel,Nesslau",SG
9652,Nesslau,SG
9655,"Amden,Nesslau,Wildhaus-Alt St. Johann",SG
9656,"Amden,Nesslau,Quarten,Walenstadt,Wildhaus-Alt St. Johann",SG
9657,"Grabs,Nesslau,Walenstadt,Wildhaus-Alt St. Johann",SG
6500,"Arbedo-Castione,Bellinzona",TI
6503,Bellinzona,TI
6512,"Bellinzona,Sant'Antonino",TI
6513,"Bellinzona,Cugnasco-Gerra",TI
6514,"Bellinzona,Cugnasco-Gerra",TI
6515,"Bellinzona,Cadenazzo,Cugnasco-Gerra,Sant'Antonino",TI
6516,"Bellinzona,Cadenazzo,Cugnasco-Gerra,Gordola,Lavertezzo,Locarno,Verzasca",TI
6518,"Arbedo-Castione,Bellinzona",TI
6523,"Bellinzona,Cugnasco-Gerra,Verzasca",TI
6524,"Bellinzona,Riviera",TI
6525,"Arbedo-Castione,Bellinzona",TI
6526,"Bellinzona,Riviera,Verzasca",TI
6527,"Bellinzona,Riviera",TI
6528,"Bellinzona,Isone,Sant'Antonino",TI
6532,"Arbedo-Castione,Bellinzona,Lumino",TI
6571,"Alto Malcantone,Gambarogno",TI
6572,"Gambarogno,Locarno,Monteceneri",TI
6573,"Gambarogno,Locarno,Monteceneri",TI
6574,"Gambarogno,Locarno,Minusio,Monteceneri",TI
6575,"Gambarogno,Locarno",TI
6576,"Ascona,Gambarogno",TI
6577,"Ascona,Gambarogno,Ronco sopra Ascona",TI
6578,Gambarogno,TI
6579,Gambarogno,TI
6582,"Bellinzona,Comunanza Cadenazzo/Monteceneri,Isone",TI
6583,"Arbedo-Castione,Bellinzona",TI
6584,"Arbedo-Castione,Bellinzona,Comunanza Cadenazzo/Monteceneri,Ponte Capriasca",TI
6592,"Bellinzona,Cadenazzo,Isone,Sant'Antonino",TI
6593,"Bellinzona,Cadenazzo,Cugnasco-Gerra,Gambarogno,Isone,Locarno,Monteceneri,Sant'Antonino",TI
6594,"Cadenazzo,Cugnasco-Gerra,Gambarogno,Locarno,Monteceneri",TI
6595,"Cugnasco-Gerra,Gambarogno,Gordola,Lavertezzo,Locarno",TI
6596,"Cugnasco-Gerra,Gambarogno,Gordola,Lavertezzo,Locarno,Mergoscia,Tenero-Contra,Verzasca",TI
6597,"Cugnasco-Gerra,Lavertezzo",TI
6598,"Gambarogno,Gordola,Locarno,Minusio,Tenero-Contra",TI
6599,"Cadenazzo,Isone,Monteceneri",TI
6600,"Gambarogno,Locarno,Losone,Minusio,Muralto,Orselina",TI
6605,"Avegno Gordevio,Locarno,Orselina",TI
6611,"Centovalli,Maggia,Onsernone",TI
6612,"Ascona,Gambarogno,Locarno,Losone,Ronco sopra Ascona",TI
6613,"Ascona,Brissago,Gambarogno,Ronco sopra Ascona",TI
6614,"Brissago,Centovalli,Ronco sopra Ascona",TI
6616,"Ascona,Centovalli,Locarno,Losone,Ronco sopra Ascona,Terre di Pedemonte",TI
6618,"Ascona,Losone,Ronco sopra Ascona",TI
6622,"Ascona,Brissago,Ronco sopra Ascona",TI
6631,"Avegno Gordevio,Mergoscia,Verzasca",TI
6632,"Cugnasco-Gerra,Gordola,Mergoscia,Verzasca",TI
6633,"Avegno Gordevio,Bellinzona,Personico,Riviera,Verzasca",TI
6634,"Avegno Gordevio,Lavizzara,Maggia,Verzasca",TI
6635,Verzasca,TI
6636,"Giornico,Personico,Verzasca",TI
6637,"Faido,Lavizzara,Verzasca",TI
6644,"Locarno,Minusio,Muralto,Orselina",TI
6645,"Avegno Gordevio,Brione sopra Minusio,Locarno,Minusio,Orselina,Tenero-Contra",TI
6646,"Brione sopra Minusio,Gordola,Mergoscia,Minusio,Tenero-Contra",TI
6647,"Avegno Gordevio,Brione sopra Minusio,Gordola,Mergoscia,Tenero-Contra,Verzasca",TI
6648,"Brione sopra Minusio,Gambarogno,Locarno,Minusio,Muralto,Orselina,Tenero-Contra",TI
6652,"Avegno Gordevio,Locarno,Losone,Maggia,Terre di Pedemonte",TI
6653,"Losone,Terre di Pedemonte",TI
6654,"Centovalli,Losone,Onsernone,Terre di Pedemonte",TI
6655,"Ascona,Brissago,Centovalli,Losone,Onsernone,Ronco sopra Ascona,Terre di Pedemonte",TI
6656,"Centovalli,Losone,Terre di Pedemonte",TI
6657,"Brissago,Centovalli",TI
6658,"Centovalli,Onsernone",TI
6659,Centovalli,TI
6661,"Centovalli,Maggia,Onsernone,Terre di Pedemonte",TI
6662,Onsernone,TI
6663,"Centovalli,Onsernone",TI
6664,"Campo (Vallemaggia),Maggia,Onsernone",TI
6670,"Avegno Gordevio,Brione sopra Minusio,Locarno,Maggia,Mergoscia,Minusio,Terre di Pedemonte",TI
6672,"Avegno Gordevio,Maggia,Mergoscia,Verzasca",TI
6673,"Avegno Gordevio,Maggia,Verzasca",TI
6674,"Campo (Vallemaggia),Cevio,Maggia,Onsernone",TI
6675,"Campo (Vallemaggia),Cerentino,Cevio,Linescio,Maggia",TI
6676,"Cerentino,Cevio,Lavizzara,Linescio,Maggia",TI
6677,"Avegno Gordevio,Maggia,Onsernone,Terre di Pedemonte",TI
6678,"Cevio,Maggia,Onsernone,Verzasca",TI
6682,"Cerentino,Cevio,Linescio",TI
6683,"Bosco/Gurin,Campo (Vallemaggia),Cerentino,Cevio,Linescio,Maggia,Onsernone",TI
6684,"Bosco/Gurin,Campo (Vallemaggia),Onsernone",TI
6685,"Bosco/Gurin,Campo (Vallemaggia),Cerentino",TI
6690,"Bedretto,Bosco/Gurin,Cerentino,Cevio,Lavizzara",TI
6692,"Cevio,Lavizzara,Maggia,Verzasca",TI
6693,"Lavizzara,Verzasca",TI
6694,"Cevio,Faido,Lavizzara,Verzasca",TI
6695,"Cevio,Lavizzara",TI
6696,"Airolo,Bedretto,Cevio,Dalpe,Faido,Lavizzara,Quinto",TI
6707,"Biasca,Personico,Pollegio,Riviera,Verzasca",TI
6714,"Biasca,Faido,Giornico,Pollegio,Serravalle",TI
6715,"Acquarossa,Blenio",TI
6716,"Acquarossa,Blenio,Faido",TI
6717,"Acquarossa,Blenio,Serravalle",TI
6721,"Acquarossa,Faido,Serravalle",TI
6722,"Acquarossa,Faido,Serravalle",TI
6723,"Acquarossa,Faido",TI
6724,"Acquarossa,Blenio,Faido",TI
6742,"Biasca,Giornico,Personico,Pollegio,Riviera,Serravalle",TI
6743,"Faido,Giornico,Personico,Pollegio,Serravalle",TI
6744,"Giornico,Personico,Pollegio,Riviera,Verzasca",TI
6745,"Faido,Giornico,Personico,Verzasca",TI
6746,Faido,TI
6747,"Dalpe,Faido,Giornico,Lavizzara,Verzasca",TI
6748,"Acquarossa,Faido,Giornico",TI
6749,"Acquarossa,Faido,Giornico",TI
6760,"Acquarossa,Blenio,Dalpe,Faido",TI
6763,"Blenio,Dalpe,Faido,Quinto",TI
6764,Faido,TI
6772,"Dalpe,Faido,Lavizzara,Quinto",TI
6773,"Dalpe,Faido,Lavizzara,Quinto",TI
6774,"Dalpe,Faido,Lavizzara,Quinto",TI
6775,"Lavizzara,Quinto",TI
6777,"Faido,Quinto",TI
6802,"Cadenazzo,Gambarogno,Mezzovico-Vira,Monteceneri",TI
6803,"Capriasca,Mezzovico-Vira,Monteceneri",TI
6804,"Cadenazzo,Monteceneri",TI
6805,"Alto Malcantone,Capriasca,Gambarogno,Mezzovico-Vira,Monteceneri,Torricella-Taverne",TI
6806,"Capriasca,Gambarogno,Mezzovico-Vira,Monteceneri,Ponte Capriasca,Torricella-Taverne",TI
6807,"Bedano,Capriasca,Lamone,Monteceneri,Origlio,Ponte Capriasca,Torricella-Taverne",TI
6808,"Alto Malcantone,Bedano,Monteceneri,Torricella-Taverne",TI
6809,"Bellinzona,Capriasca,Comunanza Cadenazzo/Monteceneri,Isone,Monteceneri,Ponte Capriasca",TI
6810,"Bellinzona,Cadenazzo,Capriasca,Comunanza Cadenazzo/Monteceneri,Isone,Monteceneri,Ponte Capriasca,Sant'Antonino",TI
6814,"Bedano,Cadempino,Cureglia,Gravesano,Lamone,Manno,Origlio,Vezia",TI
6815,"Bissone,Brusino Arsizio,Lugano,Melide,Vico Morcote",TI
6816,"Arogno,Bissone,Brusino Arsizio,Melide,Riva San Vitale,Val Mara",TI
6817,"Arogno,Bissone,Riva San Vitale,Val Mara",TI
6818,"Castel San Pietro,Mendrisio,Riva San Vitale,Val Mara",TI
6821,"Arogno,Castel San Pietro,Val Mara",TI
6822,"Arogno,Bissone,Lugano,Val Mara",TI
6823,"Arogno,Lugano,Paradiso",TI
6825,"Castel San Pietro,Mendrisio,Riva San Vitale,Val Mara",TI
6826,"Brusino Arsizio,Mendrisio,Riva San Vitale,Val Mara",TI
6827,"Brusino Arsizio,Melide,Mendrisio,Morcote,Riva San Vitale,Vico Morcote",TI
6828,"Balerna,Castel San Pietro,Chiasso,Coldrerio,Morbio Inferiore,Novazzano",TI
6830,"Balerna,Chiasso,Morbio Inferiore,Vacallo",TI
6832,"Balerna,Chiasso,Novazzano",TI
6833,"Breggia,Chiasso,Morbio Inferiore,Vacallo",TI
6834,"Balerna,Breggia,Castel San Pietro,Chiasso,Morbio Inferiore,Vacallo",TI
6835,"Breggia,Castel San Pietro,Morbio Inferiore",TI
6837,"Breggia,Castel San Pietro",TI
6838,"Breggia,Castel San Pietro",TI
6839,"Breggia,Morbio Inferiore,Vacallo",TI
6850,"Castel San Pietro,Coldrerio,Mendrisio,Novazzano,Riva San Vitale",TI
6852,"Mendrisio,Novazzano,Stabio",TI
6853,"Mendrisio,Stabio",TI
6854,Stabio,TI
6855,"Mendrisio,Stabio",TI
6862,"Mendrisio,Riva San Vitale",TI
6863,Mendrisio,TI
6864,Mendrisio,TI
6865,Mendrisio,TI
6866,"Brusino Arsizio,Mendrisio,Riva San Vitale",TI
6867,"Brusino Arsizio,Mendrisio,Riva San Vitale",TI
6872,"Castel San Pietro,Mendrisio,Val Mara",TI
6873,"Castel San Pietro,Coldrerio",TI
6874,"Balerna,Breggia,Castel San Pietro,Coldrerio,Mendrisio,Morbio Inferiore,Val Mara",TI
6875,"Breggia,Castel San Pietro",TI
6877,"Balerna,Castel San Pietro,Coldrerio,Mendrisio,Novazzano",TI
6883,"Balerna,Chiasso,Coldrerio,Mendrisio,Novazzano",TI
6900,"Canobbio,Collina d'Oro,Lugano,Massagno,Melide,Paradiso,Porza,Savosa,Sorengo",TI
6912,"Collina d'Oro,Grancia,Lugano,Paradiso",TI
6913,"Grancia,Lugano",TI
6914,"Lugano,Melide,Morcote,Vico Morcote",TI
6915,"Collina d'Oro,Lugano,Paradiso",TI
6916,"Collina d'Oro,Grancia,Lugano",TI
6917,"Collina d'Oro,Grancia,Lugano",TI
6918,"Caslano,Collina d'Oro,Grancia,Lugano,Morcote",TI
6919,"Caslano,Collina d'Oro,Lugano,Magliaso",TI
6921,"Brusino Arsizio,Lugano,Melide,Morcote,Vico Morcote",TI
6922,"Brusino Arsizio,Lugano,Morcote,Vico Morcote",TI
6924,"Collina d'Oro,Lugano,Muzzano,Sorengo",TI
6925,"Collina d'Oro,Lugano,Muzzano,Sorengo",TI
6926,"Agno,Collina d'Oro,Grancia,Lugano,Magliaso",TI
6927,"Collina d'Oro,Lugano",TI
6928,"Alto Malcantone,Bioggio,Cadempino,Gravesano,Manno,Vezia",TI
6929,"Alto Malcantone,Bedano,Gravesano,Lamone,Manno",TI
6930,"Alto Malcantone,Bedano,Gravesano,Lamone,Torricella-Taverne",TI
6932,"Bioggio,Lugano,Massagno,Muzzano,Savosa,Sorengo",TI
6933,"Agno,Bioggio,Collina d'Oro,Lugano,Muzzano,Sorengo",TI
6934,"Agno,Bioggio,Cademario,Lugano,Manno,Muzzano",TI
6935,"Alto Malcantone,Bioggio,Cademario,Manno",TI
6936,"Alto Malcantone,Aranno,Bioggio,Cademario",TI
6937,"Alto Malcantone,Aranno,Cademario,Lema",TI
6938,Alto Malcantone,TI
6939,"Alto Malcantone,Bioggio,Cademario,Gambarogno,Gravesano,Manno",TI
6942,"Lugano,Massagno,Porza,Savosa,Vezia",TI
6943,"Bioggio,Cadempino,Cureglia,Lugano,Manno,Porza,Savosa,Vezia",TI
6944,"Cadempino,Comano,Cureglia,Lamone,Origlio,Porza,Vezia",TI
6945,"Capriasca,Comano,Cureglia,Lamone,Origlio,Ponte Capriasca,Torricella-Taverne",TI
6946,"Capriasca,Comunanza Cadenazzo/Monteceneri,Isone,Lugano,Monteceneri,Origlio,Ponte Capriasca,Torricella-Taverne",TI
6947,"Capriasca,Comano,Origlio,Ponte Capriasca",TI
6948,"Canobbio,Comano,Cureglia,Lugano,Porza,Savosa,Vezia",TI
6949,"Canobbio,Capriasca,Comano,Cureglia,Origlio,Porza",TI
6950,Capriasca,TI
6951,"Capriasca,Comunanza Capriasca/Lugano,Lugano",TI
6952,"Canobbio,Capriasca,Comano,Lugano,Porza",TI
6953,"Canobbio,Capriasca,Comano,Lugano",TI
6954,"Capriasca,Mezzovico-Vira,Monteceneri,Ponte Capriasca",TI
6955,"Capriasca,Lugano",TI
6956,"Capriasca,Lugano",TI
6957,Capriasca,TI
6958,"Capriasca,Comunanza Capriasca/Lugano,Lugano",TI
6959,"Capriasca,Lugano",TI
6960,"Capriasca,Isone,Lugano,Monteceneri,Ponte Capriasca",TI
6962,Lugano,TI
6963,"Canobbio,Lugano",TI
6964,"Canobbio,Lugano",TI
6965,"Canobbio,Capriasca,Lugano",TI
6966,Lugano,TI
6967,"Capriasca,Lugano",TI
6968,"Capriasca,Lugano",TI
6974,Lugano,TI
6976,"Lugano,Paradiso",TI
6977,Lugano,TI
6978,Lugano,TI
6979,Lugano,TI
6980,"Lema,Tresa",TI
6981,"Lema,Tresa",TI
6982,"Agno,Bioggio,Collina d'Oro,Magliaso,Muzzano",TI
6983,"Agno,Caslano,Collina d'Oro,Magliaso,Neggio,Pura",TI
6984,"Caslano,Lema,Magliaso,Neggio,Pura,Tresa",TI
6986,"Alto Malcantone,Aranno,Bioggio,Lema,Neggio,Pura,Vernate",TI
6987,"Caslano,Collina d'Oro,Magliaso,Pura,Tresa",TI
6988,"Caslano,Pura,Tresa",TI
6989,"Lema,Pura,Tresa",TI
6990,"Agno,Bioggio,Magliaso,Neggio,Vernate",TI
6991,"Agno,Lema,Magliaso,Neggio,Pura,Vernate",TI
6992,"Agno,Bioggio,Cademario,Lema,Neggio,Vernate",TI
6993,"Aranno,Bioggio,Lema,Vernate",TI
6994,"Alto Malcantone,Aranno,Bioggio,Cademario,Lema",TI
6995,Tresa,TI
6997,"Lema,Tresa",TI
6998,Tresa,TI
6999,"Lema,Tresa",TI
1000,"Cugy (VD),Epalinges,Froideville,Lausanne,Le Mont-sur-Lausanne,Montpreveyres,Pully,Savigny",VD
1003,Lausanne,VD
1004,"Lausanne,Prilly",VD
1005,"Lausanne,Pully",VD
1006,"Lausanne,Pully",VD
1007,"Chavannes-près-Renens,Lausanne,Prilly,Renens (VD),Saint-Sulpice (VD)",VD
1008,"Crissier,Jouxtens-Mézery,Lausanne,Prilly,Renens (VD),Romanel-sur-Lausanne",VD
1009,"Belmont-sur-Lausanne,Lausanne,Paudex,Pully",VD
1010,"Epalinges,Lausanne,Le Mont-sur-Lausanne,Pully",VD
1011,Lausanne,VD
1012,"Lausanne,Pully",VD
1015,"Chavannes-près-Renens,Ecublens (VD),Lausanne,Saint-Sulpice (VD)",VD
1018,"Lausanne,Le Mont-sur-Lausanne,Prilly,Romanel-sur-Lausanne",VD
1020,"Chavannes-près-Renens,Crissier,Ecublens (VD),Jouxtens-Mézery,Lausanne,Prilly,Renens (VD)",VD
1022,"Chavannes-près-Renens,Ecublens (VD),Lausanne,Renens (VD)",VD
1023,"Bussigny,Cheseaux-sur-Lausanne,Crissier,Ecublens (VD),Jouxtens-Mézery,Lausanne,Renens (VD),Villars-Sainte-Croix",VD
1024,"Bussigny,Chavannes-près-Renens,Crissier,Denges,Echandens,Ecublens (VD),Renens (VD),Saint-Sulpice (VD)",VD
1025,"Ecublens (VD),Lausanne,Préverenges,Saint-Sulpice (VD)",VD
1026,"Bremblens,Bussigny,Denges,Echandens,Ecublens (VD),Lonay,Préverenges,Saint-Sulpice (VD)",VD
1027,"Bremblens,Denges,Echandens,Echichens,Lonay,Morges,Préverenges",VD
1028,"Denges,Lonay,Morges,Préverenges,Saint-Sulpice (VD)",VD
1029,"Bussigny,Crissier,Mex (VD),Villars-Sainte-Croix,Vufflens-la-Ville",VD
1030,"Aclens,Bremblens,Bussigny,Crissier,Echandens,Ecublens (VD),Villars-Sainte-Croix,Vufflens-la-Ville",VD
1031,"Bussigny,Crissier,Mex (VD),Sullens,Villars-Sainte-Croix,Vufflens-la-Ville",VD
1032,"Crissier,Cugy (VD),Jouxtens-Mézery,Lausanne,Le Mont-sur-Lausanne,Morrens (VD),Prilly,Romanel-sur-Lausanne",VD
1033,"Boussens,Cheseaux-sur-Lausanne,Crissier,Etagnières,Lausanne,Mex (VD),Morrens (VD),Sullens,Villars-Sainte-Croix",VD
1034,"Assens,Bettens,Bournens,Boussens,Cheseaux-sur-Lausanne,Etagnières,Sullens",VD
1035,"Bettens,Bournens,Boussens,Daillens,Penthaz,Sullens",VD
1036,"Bournens,Boussens,Cheseaux-sur-Lausanne,Crissier,Mex (VD),Penthaz,Sullens,Vufflens-la-Ville",VD
1037,"Assens,Boussens,Cheseaux-sur-Lausanne,Etagnières,Morrens (VD)",VD
1038,"Bercher,Boulens,Fey,Montanaire,Ogens,Oppens,Rueyres",VD
1040,"Assens,Bettens,Bottens,Echallens,Fey,Goumoëns,Montilliez,Oulens-sous-Echallens,Penthéréaz,Saint-Barthélemy (VD),Villars-le-Terroir,Vuarrens",VD
1041,"Assens,Bottens,Bretigny-sur-Morrens,Echallens,Fey,Froideville,Jorat-Menthue,Lausanne,Montanaire,Montilliez,Poliez-Pittet,Villars-le-Terroir",VD
1042,"Assens,Bettens,Bottens,Bournens,Boussens,Bretigny-sur-Morrens,Daillens,Echallens,Etagnières,Morrens (VD),Oulens-sous-Echallens,Saint-Barthélemy (VD)",VD
1043,"Fey,Montilliez,Villars-le-Terroir",VD
1044,"Bercher,Boulens,Fey,Montanaire,Montilliez,Pailly,Rueyres,Villars-le-Terroir,Vuarrens",VD
1045,"Bercher,Bioley-Magnoux,Montanaire,Ogens,Oppens",VD
1046,"Bercher,Fey,Oppens,Pailly,Rueyres",VD
1047,"Bercher,Bioley-Magnoux,Ogens,Oppens,Orzens,Pailly,Rueyres",VD
1052,"Cugy (VD),Epalinges,Lausanne,Le Mont-sur-Lausanne,Romanel-sur-Lausanne",VD
1053,"Assens,Bottens,Bretigny-sur-Morrens,Cugy (VD),Froideville,Lausanne,Le Mont-sur-Lausanne,Morrens (VD)",VD
1054,"Assens,Bretigny-sur-Morrens,Cheseaux-sur-Lausanne,Cugy (VD),Etagnières,Lausanne,Morrens (VD)",VD
1055,"Bottens,Corcelles-le-Jorat,Froideville,Jorat-Menthue,Lausanne,Montpreveyres,Poliez-Pittet",VD
1058,"Corcelles-le-Jorat,Froideville,Jorat-Menthue,Montilliez,Poliez-Pittet",VD
1059,"Corcelles-le-Jorat,Hermenches,Jorat-Menthue",VD
1061,Jorat-Menthue,VD
1062,"Hermenches,Jorat-Menthue,Montanaire,Moudon",VD
1063,"Bercher,Boulens,Fey,Jorat-Menthue,Montanaire,Montilliez,Moudon",VD
1066,"Epalinges,Lausanne,Le Mont-sur-Lausanne",VD
1068,"Belmont-sur-Lausanne,Lausanne,Pully,Savigny",VD
1071,"Chardonne,Chexbres,Puidoux,Rivaz,Saint-Saphorin (Lavaux)",VD
1072,"Bourg-en-Lavaux,Forel (Lavaux),Oron,Puidoux,Savigny,Servion",VD
1073,"Belmont-sur-Lausanne,Bourg-en-Lavaux,Forel (Lavaux),Lausanne,Lutry,Montpreveyres,Pully,Savigny,Servion",VD
1080,"Forel (Lavaux),Jorat-Mézières,Montpreveyres,Savigny,Servion",VD
1081,"Corcelles-le-Jorat,Froideville,Jorat-Mézières,Lausanne,Montpreveyres,Ropraz,Savigny,Servion",VD
1082,"Corcelles-le-Jorat,Froideville,Hermenches,Jorat-Menthue,Montpreveyres,Ropraz",VD
1083,"Jorat-Mézières,Montpreveyres,Servion",VD
1084,"Jorat-Mézières,Montpreveyres,Ropraz,Vucherens,Vulliens",VD
1088,"Corcelles-le-Jorat,Hermenches,Jorat-Mézières,Montpreveyres,Ropraz,Vucherens",VD
1090,"Belmont-sur-Lausanne,Bourg-en-Lavaux,Lutry,Savigny",VD
1091,"Bourg-en-Lavaux,Forel (Lavaux),Lutry,Savigny",VD
1092,"Belmont-sur-Lausanne,Lutry,Paudex,Pully,Savigny",VD
1093,"Belmont-sur-Lausanne,Lutry,Paudex",VD
1094,"Belmont-sur-Lausanne,Lutry,Paudex,Pully",VD
1095,"Bourg-en-Lavaux,Lutry,Paudex",VD
1096,"Bourg-en-Lavaux,Lutry,Puidoux",VD
1097,"Bourg-en-Lavaux,Forel (Lavaux)",VD
1098,"Bourg-en-Lavaux,Puidoux",VD
1110,"Chigny,Echichens,Lonay,Morges,Préverenges,Tolochenaz,Vufflens-le-Château",VD
1112,"Bremblens,Echichens,Lonay,Morges",VD
1113,"Aclens,Bremblens,Echichens,Romanel-sur-Morges,Vullierens",VD
1114,"Clarmont,Echichens,Hautemorges,Vaux-sur-Morges,Vullierens",VD
1115,"Aclens,Echichens,Gollion,Grancy,Hautemorges,Senarclens,Vullierens",VD
1116,"Echichens,Grancy,Hautemorges,Vullierens",VD
1117,"Chavannes-le-Veyron,Grancy,Hautemorges,La Chaux (Cossonay),Senarclens,Vullierens",VD
1121,"Aclens,Bremblens,Bussigny,Echandens,Echichens,Lonay,Romanel-sur-Morges",VD
1122,"Aclens,Bremblens,Echichens,Romanel-sur-Morges",VD
1123,"Aclens,Bremblens,Bussigny,Echichens,Gollion,Romanel-sur-Morges,Vufflens-la-Ville,Vullierens",VD
1124,"Aclens,Cossonay,Gollion,Penthalaz,Penthaz,Senarclens,Vufflens-la-Ville,Vullierens",VD
1125,"Echichens,Morges,Vaux-sur-Morges,Vufflens-le-Château",VD
1126,"Clarmont,Echichens,Hautemorges,Vaux-sur-Morges,Vufflens-le-Château",VD
1127,"Clarmont,Echichens,Hautemorges,Vaux-sur-Morges",VD
1128,"Clarmont,Hautemorges,Vaux-sur-Morges",VD
1131,"Chigny,Lully (VD),Morges,Saint-Prex,Tolochenaz",VD
1132,"Denens,Lully (VD),Lussy-sur-Morges,Saint-Prex,Tolochenaz,Vufflens-le-Château",VD
1134,"Chigny,Denens,Echichens,Hautemorges,Lully (VD),Morges,Tolochenaz,Vaux-sur-Morges,Vufflens-le-Château",VD
1135,"Denens,Hautemorges,Lully (VD),Lussy-sur-Morges,Villars-sous-Yens,Vufflens-le-Château,Yens",VD
1136,"Denens,Hautemorges,Vaux-sur-Morges,Vufflens-le-Château,Yens",VD
1141,"Clarmont,Echichens,Hautemorges",VD
1142,"Chavannes-le-Veyron,Grancy,Hautemorges,L'Isle,Mauraz,Mollens (VD),Montricher",VD
1143,"Ballens,Clarmont,Hautemorges,Mollens (VD),Yens",VD
1144,"Ballens,Berolle,Bière,Hautemorges,Mollens (VD),Yens",VD
1145,"Aubonne,Ballens,Berolle,Bière,Gimel,Le Chenit,Saint-Livres,Saubraz,Yens",VD
1146,"Ballens,Berolle,Hautemorges,Mollens (VD),Montricher",VD
1147,"Berolle,Hautemorges,L'Abbaye,Le Chenit,L'Isle,Mollens (VD),Montricher",VD
1148,"Chavannes-le-Veyron,Chevilly,Cuarnens,Ferreyres,Grancy,Hautemorges,Juriens,L'Abbaye,La Chaux (Cossonay),La Praz,L'Isle,Mauraz,Moiry,Mont-la-Ville,Montricher,Romainmôtier-Envy,Vaulion",VD
1149,"Ballens,Berolle,Bière,Le Chenit,Mollens (VD)",VD
1162,"Buchillon,Etoy,Lully (VD),Lussy-sur-Morges,Saint-Prex,Tolochenaz,Villars-sous-Yens",VD
1163,"Allaman,Aubonne,Buchillon,Etoy,Lavigny,Saint-Prex,Villars-sous-Yens",VD
1164,"Allaman,Buchillon,Etoy,Saint-Prex",VD
1165,"Allaman,Aubonne,Buchillon,Etoy,Féchy,Perroy",VD
1166,"Allaman,Bougy-Villars,Féchy,Mont-sur-Rolle,Perroy,Rolle",VD
1167,"Denens,Lully (VD),Lussy-sur-Morges,Saint-Prex,Villars-sous-Yens",VD
1168,"Denens,Etoy,Lavigny,Lussy-sur-Morges,Saint-Prex,Villars-sous-Yens,Yens",VD
1169,"Ballens,Denens,Hautemorges,Lavigny,Saint-Livres,Villars-sous-Yens,Yens",VD
1170,"Allaman,Aubonne,Etoy,Féchy,Lavigny,Saint-Livres",VD
1172,"Aubonne,Bougy-Villars,Essertines-sur-Rolle,Féchy,Mont-sur-Rolle,Perroy",VD
1173,"Allaman,Aubonne,Bougy-Villars,Féchy,Perroy",VD
1174,"Aubonne,Bière,Bougy-Villars,Essertines-sur-Rolle,Féchy,Gimel,Saint-Livres,Saubraz",VD
1175,"Aubonne,Etoy,Lavigny,Saint-Livres,Villars-sous-Yens,Yens",VD
1176,"Aubonne,Bière,Lavigny,Saint-Livres,Yens",VD
1180,"Bursinel,Essertines-sur-Rolle,Gilly,Mont-sur-Rolle,Perroy,Rolle,Tartegnin",VD
1182,"Bursinel,Bursins,Burtigny,Gilly,Tartegnin",VD
1183,"Bursinel,Bursins,Dully,Gilly,Luins,Vinzel",VD
1184,"Begnins,Bursins,Dully,Gland,Luins,Vinzel",VD
1185,"Bougy-Villars,Essertines-sur-Rolle,Mont-sur-Rolle,Perroy,Rolle",VD
1186,"Aubonne,Bougy-Villars,Burtigny,Essertines-sur-Rolle,Gilly,Gimel,Mont-sur-Rolle,Saint-Oyens,Tartegnin",VD
1187,"Burtigny,Essertines-sur-Rolle,Gimel,Longirod,Saint-Oyens",VD
1188,"Aubonne,Bière,Essertines-sur-Rolle,Gimel,Le Chenit,Longirod,Saint-George,Saint-Oyens,Saubraz",VD
1189,"Aubonne,Bière,Gimel,Saubraz",VD
1195,"Bursinel,Bursins,Dully,Gilly,Gland,Luins,Rolle",VD
1196,"Begnins,Dully,Gland,Luins,Prangins,Vich",VD
1197,"Coinsins,Duillier,Gland,Nyon,Prangins,Vich",VD
1260,"Crans (VD),Duillier,Eysins,Grens,Nyon,Prangins,Signy-Avenex,Trélex",VD
1261,"Bassins,Begnins,Burtigny,Gimel,Le Chenit,Le Vaud,Longirod,Marchissy,Saint-George,Saint-Oyens",VD
1262,"Arnex-sur-Nyon,Borex,Crans (VD),Eysins,Nyon,Signy-Avenex",VD
1264,"Arzier-Le Muids,Gingins,Givrins,Saint-Cergue,Trélex",VD
1265,"Arzier-Le Muids,Gingins,Saint-Cergue",VD
1266,"Coinsins,Duillier,Givrins,Nyon,Prangins,Trélex",VD
1267,"Arzier-Le Muids,Bassins,Begnins,Coinsins,Duillier,Genolier,Gland,Prangins,Vich",VD
1268,"Bassins,Begnins,Bursins,Burtigny,Essertines-sur-Rolle,Gilly,Gland,Le Vaud,Longirod,Luins,Marchissy,Saint-Oyens,Vich,Vinzel",VD
1269,"Arzier-Le Muids,Bassins,Begnins,Le Chenit,Le Vaud,Marchissy,Vich",VD
1270,"Duillier,Gingins,Givrins,Grens,Nyon,Saint-Cergue,Trélex",VD
1271,"Arzier-Le Muids,Duillier,Genolier,Givrins,Saint-Cergue,Trélex",VD
1272,"Arzier-Le Muids,Coinsins,Duillier,Genolier,Givrins,Vich",VD
1273,"Arzier-Le Muids,Bassins,Genolier,Givrins,Le Chenit,Saint-Cergue,Vich",VD
1274,"Borex,Chéserex,Eysins,Gingins,Grens,Nyon,Signy-Avenex,Trélex",VD
1275,"Borex,Chéserex,Crassier,Gingins,Grens,La Rippe",VD
1276,"Chéserex,Gingins,Grens,La Rippe,Saint-Cergue,Trélex",VD
1278,"Chéserex,Crassier,Gingins,La Rippe",VD
1291,"Chavannes-de-Bogis,Chavannes-des-Bois,Commugny,Coppet,Founex,Tannay",VD
1302,"Aclens,Bussigny,Gollion,Mex (VD),Penthaz,Sullens,Vufflens-la-Ville",VD
1303,"Bournens,Daillens,Gollion,Penthalaz,Penthaz,Sullens,Vufflens-la-Ville",VD
1304,"Chevilly,Cossonay,Dizy,Gollion,Grancy,La Chaux (Cossonay),La Sarraz,Lussery-Villars,Penthalaz,Senarclens,Vullierens",VD
1305,"Cossonay,Daillens,Gollion,Lussery-Villars,Penthalaz,Penthaz",VD
1306,"Bettens,Bournens,Daillens,Eclépens,Lussery-Villars,Oulens-sous-Echallens,Penthalaz,Penthaz",VD
1307,"Cossonay,Daillens,Dizy,Eclépens,La Sarraz,Lussery-Villars,Penthalaz",VD
1308,"Chavannes-le-Veyron,Chevilly,Cossonay,Cuarnens,Dizy,Grancy,La Chaux (Cossonay),Moiry,Senarclens",VD
1312,"Bavois,Daillens,Eclépens,La Sarraz,Lussery-Villars,Orny,Oulens-sous-Echallens",VD
1313,"Chevilly,Ferreyres,La Sarraz,Moiry,Romainmôtier-Envy",VD
1315,"Chevilly,Dizy,Eclépens,Ferreyres,La Sarraz,Lussery-Villars,Orny,Pompaples,Romainmôtier-Envy",VD
1316,"Chevilly,Dizy,Ferreyres,La Chaux (Cossonay),La Sarraz,Moiry",VD
1317,"Bavois,Eclépens,La Sarraz,Orny,Pompaples",VD
1318,"Arnex-sur-Orbe,La Sarraz,Orny,Pompaples",VD
1321,"Agiez,Arnex-sur-Orbe,Bavois,Bofflens,Chavornay,Croy,La Sarraz,Orbe,Pompaples",VD
1322,"Arnex-sur-Orbe,Bofflens,Croy,La Sarraz,Romainmôtier-Envy",VD
1323,"Bofflens,Bretonnières,Croy,Ferreyres,Juriens,La Sarraz,Moiry,Premier,Romainmôtier-Envy,Vaulion",VD
1324,"Bretonnières,Les Clées,Premier,Romainmôtier-Envy,Vallorbe,Vaulion",VD
1325,"Juriens,L'Abbaye,Mont-la-Ville,Premier,Romainmôtier-Envy,Vallorbe,Vaulion",VD
1326,"Juriens,La Praz,Moiry,Mont-la-Ville,Romainmôtier-Envy,Vaulion",VD
1329,"Agiez,Bofflens,Bretonnières,Les Clées,Premier,Romainmôtier-Envy",VD
1337,"Ballaigues,L'Abbaye,Le Lieu,Les Clées,Premier,Vallorbe,Vaulion",VD
1338,"Ballaigues,Les Clées,Lignerolle,Vallorbe",VD
1341,"Berolle,Bière,L'Abbaye,Le Chenit",VD
1342,"L'Abbaye,Le Lieu,Mont-la-Ville,Vaulion",VD
1343,"L'Abbaye,Le Lieu,Vallorbe",VD
1344,"L'Abbaye,Le Lieu,L'Isle,Mont-la-Ville,Montricher",VD
1345,"L'Abbaye,Le Chenit,Le Lieu",VD
1346,"L'Abbaye,Le Chenit,Montricher",VD
1347,"L'Abbaye,Le Chenit,Le Lieu",VD
1348,"Arzier-Le Muids,Bassins,Bière,Gimel,Le Chenit,Longirod,Marchissy,Saint-George",VD
1350,"Agiez,Arnex-sur-Orbe,Chavornay,Ependes (VD),Montcherand,Orbe,Valeyres-sous-Rances",VD
1352,"Agiez,Arnex-sur-Orbe,Bofflens,Bretonnières,Les Clées,Montcherand,Orbe",VD
1353,"Agiez,Arnex-sur-Orbe,Bofflens,Bretonnières,Croy,Romainmôtier-Envy",VD
1354,"Agiez,Les Clées,Montcherand,Orbe,Valeyres-sous-Rances",VD
1355,"L'Abergement,Les Clées,Lignerolle,Montcherand,Rances,Sergey,Valeyres-sous-Rances",VD
1356,"Agiez,Ballaigues,Bretonnières,L'Abergement,Les Clées,Lignerolle,Montcherand,Premier,Sergey,Vallorbe",VD
1357,"Ballaigues,Baulmes,L'Abergement,Les Clées,Lignerolle,Rances",VD
1358,"Mathod,Montcherand,Orbe,Rances,Sergey,Valeyres-sous-Rances",VD
1372,"Arnex-sur-Orbe,Bavois,Chavornay,Eclépens,Goumoëns,Orny,Oulens-sous-Echallens,Penthéréaz,Pompaples",VD
1373,"Arnex-sur-Orbe,Bavois,Chavornay,Orbe,Penthéréaz",VD
1374,"Chavornay,Essertines-sur-Yverdon,Penthéréaz,Suchy,Vuarrens",VD
1375,"Bavois,Chavornay,Goumoëns,Penthéréaz,Villars-le-Terroir,Vuarrens",VD
1376,"Bavois,Echallens,Goumoëns,Oulens-sous-Echallens,Penthéréaz,Saint-Barthélemy (VD),Villars-le-Terroir",VD
1377,"Bavois,Bettens,Daillens,Eclépens,Goumoëns,Oulens-sous-Echallens,Saint-Barthélemy (VD)",VD
1400,"Belmont-sur-Yverdon,Bonvillars,Cheseaux-Noréaz,Cuarny,Ependes (VD),Grandson,Montagny-près-Yverdon,Pomy,Treycovagnes,Villars-Epeney,Yverdon-les-Bains,Yvonand",VD
1404,"Cheseaux-Noréaz,Cronay,Cuarny,Pomy,Villars-Epeney,Yvonand",VD
1405,"Cronay,Cuarny,Pomy,Ursins,Valeyres-sous-Ursins,Yverdon-les-Bains",VD
1406,"Cronay,Cuarny,Donneloye,Orzens,Pomy,Ursins,Yvonand",VD
1407,"Bioley-Magnoux,Cronay,Donneloye,Molondin,Montanaire,Ogens,Oppens,Orzens,Yvonand",VD
1408,"Bioley-Magnoux,Démoret,Donneloye,Molondin,Montanaire",VD
1412,"Cronay,Essertines-sur-Yverdon,Orzens,Pomy,Ursins,Valeyres-sous-Ursins,Yverdon-les-Bains",VD
1413,"Bioley-Magnoux,Cronay,Donneloye,Essertines-sur-Yverdon,Oppens,Orzens,Pailly,Ursins",VD
1416,"Essertines-sur-Yverdon,Fey,Oppens,Orzens,Pailly,Rueyres,Vuarrens",VD
1417,"Belmont-sur-Yverdon,Chavornay,Essertines-sur-Yverdon,Orzens,Pailly,Suchy,Ursins,Valeyres-sous-Ursins,Vuarrens,Yverdon-les-Bains",VD
1418,"Chavornay,Essertines-sur-Yverdon,Fey,Pailly,Penthéréaz,Villars-le-Terroir,Vuarrens",VD
1420,"Champagne,Fiez,Fontaines-sur-Grandson,Giez,Grandson",VD
1421,"Bullet,Champagne,Fiez,Fontaines-sur-Grandson,Giez,Grandevent,Mauborget,Novalles,Tévenon",VD
1422,"Bonvillars,Champagne,Cheseaux-Noréaz,Fiez,Giez,Grandson,Montagny-près-Yverdon,Valeyres-sous-Montagny,Yverdon-les-Bains",VD
1423,"Bonvillars,Champagne,Concise,Corcelles-près-Concise,Fontaines-sur-Grandson,Mauborget,Onnens (VD),Provence,Tévenon",VD
1424,"Bonvillars,Champagne,Fiez,Fontaines-sur-Grandson,Grandson,Tévenon",VD
1425,"Bonvillars,Cheseaux-Noréaz,Corcelles-près-Concise,Onnens (VD)",VD
1427,"Bonvillars,Champagne,Cheseaux-Noréaz,Grandson,Onnens (VD),Tévenon",VD
1429,"Fiez,Giez,Grandson,Novalles,Orges,Valeyres-sous-Montagny,Vugelles-La Mothe",VD
1430,"Champvent,Giez,Orges,Valeyres-sous-Montagny,Vugelles-La Mothe,Vuiteboeuf",VD
1431,"Bullet,Fontaines-sur-Grandson,Giez,Grandevent,Novalles,Orges,Vugelles-La Mothe,Vuiteboeuf",VD
1432,"Belmont-sur-Yverdon,Ependes (VD),Essertines-sur-Yverdon,Pomy,Suchy,Valeyres-sous-Ursins,Yverdon-les-Bains",VD
1433,"Belmont-sur-Yverdon,Chavornay,Ependes (VD),Essertines-sur-Yverdon,Suchy",VD
1434,"Belmont-sur-Yverdon,Chavornay,Ependes (VD),Mathod,Suchy,Suscévaz,Yverdon-les-Bains",VD
1435,"Chavornay,Ependes (VD),Orbe,Suchy",VD
1436,"Chamblon,Champvent,Ependes (VD),Montagny-près-Yverdon,Suscévaz,Treycovagnes,Yverdon-les-Bains",VD
1437,"Chamblon,Champvent,Ependes (VD),Mathod,Suscévaz,Treycovagnes",VD
1438,"Champvent,Ependes (VD),Mathod,Orbe,Rances,Suscévaz,Valeyres-sous-Rances",VD
1439,"Baulmes,Champvent,L'Abergement,Mathod,Rances,Sergey,Valeyres-sous-Rances",VD
1441,"Champvent,Giez,Grandson,Montagny-près-Yverdon,Orges,Valeyres-sous-Montagny",VD
1442,"Chamblon,Champvent,Grandson,Montagny-près-Yverdon,Treycovagnes,Valeyres-sous-Montagny,Yverdon-les-Bains",VD
1443,"Baulmes,Chamblon,Champvent,Mathod,Montagny-près-Yverdon,Orges,Rances,Suscévaz,Valeyres-sous-Montagny,Vuiteboeuf",VD
1445,"Baulmes,Champvent,Orges,Sainte-Croix,Vugelles-La Mothe,Vuiteboeuf",VD
1446,"Baulmes,Champvent,L'Abergement,Rances,Sainte-Croix,Vuiteboeuf",VD
1452,"Bullet,Sainte-Croix",VD
1509,"Hermenches,Jorat-Mézières,Ropraz,Syens,Vucherens,Vulliens",VD
1510,"Bussy-sur-Moudon,Chavannes-sur-Moudon,Curtilles,Hermenches,Jorat-Menthue,Lucens,Montanaire,Moudon,Rossenges,Syens,Vucherens,Vulliens",VD
1513,"Corcelles-le-Jorat,Hermenches,Jorat-Menthue,Moudon,Ropraz,Rossenges,Syens,Vucherens",VD
1514,"Bussy-sur-Moudon,Lucens,Montanaire,Moudon",VD
1515,"Bussy-sur-Moudon,Lucens,Montanaire,Moudon,Villars-le-Comte",VD
1521,"Curtilles,Dompierre (VD),Lovatens,Lucens,Moudon,Valbroye",VD
1585,"Avenches,Cudrefin,Faoug,Vully-les-Lacs",VD
1586,"Avenches,Cudrefin,Faoug,Vully-les-Lacs",VD
1587,"Avenches,Cudrefin,Vully-les-Lacs",VD
1802,"Chardonne,Corseaux,Corsier-sur-Vevey,Vevey",VD
1803,"Chardonne,Corseaux,Corsier-sur-Vevey,Jongny,Puidoux,Saint-Saphorin (Lavaux)",VD
1804,"Blonay - Saint-Légier,Chardonne,Corseaux,Corsier-sur-Vevey,Jongny,Vevey",VD
1809,"Blonay - Saint-Légier,Corsier-sur-Vevey",VD
1814,"Blonay - Saint-Légier,La Tour-de-Peilz,Montreux,Noville,Vevey",VD
1815,"La Tour-de-Peilz,Montreux,Noville",VD
1816,"Blonay - Saint-Légier,La Tour-de-Peilz,Montreux",VD
1817,"Blonay - Saint-Légier,Montreux",VD
1822,Montreux,VD
1823,"Montreux,Veytaux",VD
1832,"Blonay - Saint-Légier,Montreux",VD
1844,"Château-d'Oex,Corbeyrier,Noville,Ormont-Dessous,Rennaz,Roche (VD),Veytaux,Villeneuve (VD)",VD
1847,"Noville,Rennaz,Roche (VD),Villeneuve (VD)",VD
1852,"Chessel,Corbeyrier,Noville,Rennaz,Roche (VD),Villeneuve (VD),Yvorne",VD
1854,"Aigle,Corbeyrier,Leysin,Ormont-Dessous,Yvorne",VD
1856,"Corbeyrier,Leysin,Ormont-Dessous,Roche (VD),Villeneuve (VD),Yvorne",VD
1862,"Château-d'Oex,Ormont-Dessous,Ormont-Dessus",VD
1863,"Aigle,Leysin,Ollon,Ormont-Dessous,Ormont-Dessus",VD
1864,"Ollon,Ormont-Dessous,Ormont-Dessus",VD
1866,"Ollon,Ormont-Dessous,Ormont-Dessus",VD
1884,"Aigle,Bex,Gryon,Ollon,Ormont-Dessous,Ormont-Dessus",VD
1885,Ollon,VD
8001,Zürich,ZH
8002,Zürich,ZH
8003,Zürich,ZH
8004,Zürich,ZH
8005,Zürich,ZH
8006,Zürich,ZH
8008,"Zollikon,Zürich,Zürichsee (ZH)",ZH
8032,Zürich,ZH
8037,Zürich,ZH
8038,"Adliswil,Kilchberg (ZH),Zürich,Zürichsee (ZH)",ZH
8041,"Adliswil,Stallikon,Zürich",ZH
8044,"Dübendorf,Fällanden,Zürich",ZH
8045,"Stallikon,Zürich",ZH
8046,"Regensdorf,Rümlang,Zürich",ZH
8047,Zürich,ZH
8048,"Schlieren,Uitikon,Zürich",ZH
8049,"Oberengstringen,Regensdorf,Zürich",ZH
8050,"Opfikon,Wallisellen,Zürich",ZH
8051,"Dübendorf,Wallisellen,Zürich",ZH
8052,"Opfikon,Rümlang,Zürich",ZH
8053,"Dübendorf,Fällanden,Maur,Zollikon,Zürich",ZH
8055,"Uitikon,Zürich",ZH
8057,Zürich,ZH
8064,"Oberengstringen,Schlieren,Zürich",ZH
8102,"Oberengstringen,Regensdorf,Schlieren,Unterengstringen,Zürich",ZH
8104,"Geroldswil,Oetwil an der Limmat,Regensdorf,Unterengstringen,Weiningen (ZH)",ZH
8105,"Buchs (ZH),Dällikon,Niederhasli,Oberengstringen,Regensdorf,Rümlang,Unterengstringen,Weiningen (ZH),Zürich",ZH
8106,"Buchs (ZH),Niederhasli,Regensdorf",ZH
8107,"Boppelsen,Buchs (ZH),Dällikon,Dänikon,Dielsdorf,Niederhasli,Otelfingen,Regensberg,Regensdorf",ZH
8108,"Buchs (ZH),Dällikon,Dänikon,Oetwil an der Limmat,Regensdorf,Weiningen (ZH)",ZH
8113,"Boppelsen,Buchs (ZH),Otelfingen,Regensberg,Schleinikon",ZH
8114,"Buchs (ZH),Dällikon,Dänikon,Hüttikon,Oetwil an der Limmat,Otelfingen",ZH
8117,"Dübendorf,Fällanden,Greifensee,Maur,Schwerzenbach",ZH
8118,"Dübendorf,Fällanden,Maur,Zürich",ZH
8121,"Fällanden,Maur",ZH
8122,"Fällanden,Maur,Zollikon,Zürich",ZH
8123,"Fällanden,Maur,Zollikon,Zumikon",ZH
8124,"Egg,Fällanden,Greifensee,Maur,Mönchaltorf",ZH
8125,"Küsnacht (ZH),Maur,Zollikon,Zumikon,Zürich",ZH
8126,"Küsnacht (ZH),Maur,Zollikon,Zumikon",ZH
8127,"Egg,Erlenbach (ZH),Herrliberg,Küsnacht (ZH),Maur,Meilen,Zumikon",ZH
8132,"Egg,Greifensee,Maur,Meilen,Mönchaltorf,Oetwil am See,Uetikon am See",ZH
8133,"Egg,Gossau (ZH),Grüningen,Mönchaltorf,Oetwil am See",ZH
8134,"Adliswil,Kilchberg (ZH),Langnau am Albis,Rüschlikon,Stallikon,Zürich",ZH
8135,"Adliswil,Aeugst am Albis,Hausen am Albis,Horgen,Langnau am Albis,Oberrieden,Rüschlikon,Stallikon,Thalwil",ZH
8136,"Horgen,Langnau am Albis,Oberrieden,Rüschlikon,Thalwil",ZH
8142,"Birmensdorf (ZH),Stallikon,Uitikon,Urdorf,Zürich",ZH
8143,"Adliswil,Aeugst am Albis,Affoltern am Albis,Birmensdorf (ZH),Bonstetten,Hedingen,Langnau am Albis,Stallikon,Uitikon,Wettswil am Albis,Zürich",ZH
8152,"Kloten,Opfikon,Rümlang,Wallisellen,Zürich",ZH
8153,"Kloten,Niederhasli,Oberglatt,Opfikon,Regensdorf,Rümlang,Winkel,Zürich",ZH
8154,"Bachenbülach,Höri,Niederglatt,Niederhasli,Oberglatt,Rümlang,Winkel",ZH
8155,"Buchs (ZH),Dielsdorf,Neerach,Niederglatt,Niederhasli,Oberglatt,Regensdorf,Steinmaur",ZH
8156,"Niederhasli,Oberglatt,Regensdorf,Rümlang",ZH
8157,"Buchs (ZH),Dielsdorf,Niederhasli,Regensberg,Steinmaur",ZH
8158,"Boppelsen,Buchs (ZH),Dielsdorf,Oberweningen,Regensberg,Schleinikon,Steinmaur",ZH
8162,"Bachs,Dielsdorf,Neerach,Oberweningen,Regensberg,Schöfflisdorf,Steinmaur",ZH
8172,"Höri,Neerach,Niederglatt,Niederhasli,Oberglatt",ZH
8173,"Bachs,Hochfelden,Höri,Neerach,Niederglatt,Stadel,Steinmaur",ZH
8174,"Bachs,Hochfelden,Neerach,Stadel,Weiach",ZH
8175,"Glattfelden,Hochfelden,Stadel,Weiach",ZH
8180,"Bachenbülach,Bülach,Eglisau,Embrach,Glattfelden,Hochfelden,Höri,Rorbas,Winkel",ZH
8181,"Bachenbülach,Bülach,Hochfelden,Höri,Neerach,Niederglatt,Oberglatt",ZH
8182,"Bülach,Glattfelden,Hochfelden,Höri,Neerach,Stadel",ZH
8184,"Bachenbülach,Bülach,Höri,Oberglatt,Winkel",ZH
8185,"Bachenbülach,Embrach,Kloten,Lufingen,Oberglatt,Rümlang,Winkel",ZH
8192,"Bülach,Eglisau,Glattfelden,Hochfelden,Stadel,Weiach",ZH
8194,"Eglisau,Glattfelden,Hüntwangen,Wasterkingen,Wil (ZH)",ZH
8195,"Hüntwangen,Wasterkingen,Wil (ZH)",ZH
8196,"Eglisau,Hüntwangen,Rafz,Wasterkingen,Wil (ZH)",ZH
8302,"Bassersdorf,Dietlikon,Kloten,Lufingen,Nürensdorf,Oberembrach,Opfikon,Rümlang,Wallisellen,Winkel",ZH
8303,"Bassersdorf,Dietlikon,Kloten,Lindau,Nürensdorf,Wangen-Brüttisellen",ZH
8304,"Dietlikon,Dübendorf,Kloten,Opfikon,Wallisellen,Zürich",ZH
8305,"Bassersdorf,Dietlikon,Dübendorf,Kloten,Wallisellen,Wangen-Brüttisellen",ZH
8306,"Bassersdorf,Dietlikon,Wangen-Brüttisellen",ZH
8307,"Illnau-Effretikon,Lindau,Volketswil,Weisslingen,Winterthur",ZH
8308,"Fehraltorf,Illnau-Effretikon,Russikon,Volketswil,Weisslingen",ZH
8309,"Bassersdorf,Brütten,Kloten,Lindau,Nürensdorf,Oberembrach",ZH
8310,"Illnau-Effretikon,Lindau,Winterthur",ZH
8311,"Brütten,Lindau,Nürensdorf,Oberembrach,Winterthur",ZH
8312,"Brütten,Lindau,Nürensdorf,Winterthur",ZH
8314,"Illnau-Effretikon,Weisslingen,Winterthur",ZH
8315,"Illnau-Effretikon,Lindau,Nürensdorf",ZH
8317,"Bassersdorf,Illnau-Effretikon,Lindau,Nürensdorf,Volketswil,Wangen-Brüttisellen",ZH
8320,"Fehraltorf,Illnau-Effretikon,Pfäffikon,Russikon,Uster,Volketswil",ZH
8322,"Pfäffikon,Russikon,Weisslingen,Wildberg",ZH
8330,"Bauma,Fehraltorf,Hittnau,Pfäffikon,Russikon,Seegräben,Uster,Wetzikon (ZH),Wildberg",ZH
8331,"Bäretswil,Hittnau,Pfäffikon,Wetzikon (ZH)",ZH
8332,"Fehraltorf,Illnau-Effretikon,Pfäffikon,Russikon,Weisslingen",ZH
8335,"Bäretswil,Bauma,Hittnau,Pfäffikon",ZH
8340,"Bäretswil,Bubikon,Dürnten,Fischenthal,Gossau (ZH),Hinwil,Wald (ZH),Wetzikon (ZH)",ZH
8342,"Dürnten,Hinwil,Wald (ZH)",ZH
8344,"Bäretswil,Bauma,Fischenthal,Hinwil,Hittnau,Wetzikon (ZH)",ZH
8345,"Bäretswil,Hittnau,Pfäffikon,Wetzikon (ZH)",ZH
8352,"Elgg,Elsau,Schlatt (ZH),Wiesendangen,Winterthur",ZH
8400,"Illnau-Effretikon,Seuzach,Winterthur",ZH
8404,"Dinhard,Rickenbach (ZH),Seuzach,Wiesendangen,Winterthur",ZH
8405,"Schlatt (ZH),Winterthur,Zell (ZH)",ZH
8406,"Brütten,Lindau,Winterthur",ZH
8408,"Brütten,Hettlingen,Neftenbach,Oberembrach,Pfungen,Seuzach,Winterthur",ZH
8409,"Elsau,Wiesendangen,Winterthur",ZH
8412,"Buch am Irchel,Dorf,Henggart,Hettlingen,Neftenbach,Winterthur",ZH
8413,"Buch am Irchel,Dättlikon,Neftenbach,Pfungen,Winterthur",ZH
8414,"Berg am Irchel,Buch am Irchel,Dättlikon,Dorf,Freienstein-Teufen,Neftenbach,Volken",ZH
8418,"Elgg,Elsau,Schlatt (ZH),Turbenthal,Winterthur,Zell (ZH)",ZH
8421,"Buch am Irchel,Dättlikon,Embrach,Freienstein-Teufen,Neftenbach,Pfungen",ZH
8422,"Dättlikon,Embrach,Neftenbach,Oberembrach,Pfungen,Winterthur",ZH
8424,"Bülach,Dättlikon,Embrach,Freienstein-Teufen,Lufingen,Oberembrach,Pfungen,Rorbas,Winkel",ZH
8425,"Brütten,Embrach,Kloten,Lufingen,Nürensdorf,Oberembrach,Pfungen,Winterthur",ZH
8426,"Embrach,Kloten,Lufingen,Oberembrach,Winkel",ZH
8427,"Bülach,Dättlikon,Eglisau,Embrach,Freienstein-Teufen,Rorbas",ZH
8442,"Dägerlen,Henggart,Hettlingen,Neftenbach,Seuzach,Winterthur",ZH
8444,"Andelfingen,Dägerlen,Dorf,Henggart,Hettlingen,Neftenbach",ZH
8450,"Andelfingen,Dorf,Flaach,Kleinandelfingen,Ossingen,Volken",ZH
8451,"Andelfingen,Kleinandelfingen,Marthalen,Ossingen",ZH
8452,"Andelfingen,Dägerlen,Ossingen,Thalheim an der Thur",ZH
8453,"Andelfingen,Flaach,Kleinandelfingen,Marthalen",ZH
8457,"Andelfingen,Dägerlen,Dorf,Henggart",ZH
8458,"Andelfingen,Buch am Irchel,Dorf,Henggart,Neftenbach,Volken",ZH
8459,"Andelfingen,Berg am Irchel,Buch am Irchel,Dorf,Flaach,Volken",ZH
8460,"Benken (ZH),Flaach,Kleinandelfingen,Marthalen,Rheinau,Trüllikon",ZH
8461,"Kleinandelfingen,Marthalen,Ossingen,Trüllikon",ZH
8462,"Benken (ZH),Dachsen,Marthalen,Rheinau",ZH
8463,"Benken (ZH),Dachsen,Laufen-Uhwiesen,Marthalen,Rheinau,Trüllikon",ZH
8471,"Andelfingen,Dägerlen,Dinhard,Henggart,Hettlingen,Seuzach,Thalheim an der Thur",ZH
8472,"Dägerlen,Dinhard,Hettlingen,Seuzach,Winterthur",ZH
8474,"Altikon,Dägerlen,Dinhard,Rickenbach (ZH),Seuzach,Thalheim an der Thur,Winterthur",ZH
8478,"Altikon,Andelfingen,Dägerlen,Dinhard,Ossingen,Thalheim an der Thur",ZH
8482,"Illnau-Effretikon,Winterthur,Zell (ZH)",ZH
8483,"Illnau-Effretikon,Schlatt (ZH),Weisslingen,Winterthur,Zell (ZH)",ZH
8484,"Illnau-Effretikon,Russikon,Weisslingen,Wildberg,Zell (ZH)",ZH
8486,"Schlatt (ZH),Weisslingen,Wildberg,Zell (ZH)",ZH
8487,"Schlatt (ZH),Turbenthal,Wildberg,Zell (ZH)",ZH
8489,"Bauma,Pfäffikon,Russikon,Turbenthal,Weisslingen,Wila,Wildberg,Zell (ZH)",ZH
8493,"Bauma,Hittnau,Pfäffikon,Wila,Wildberg",ZH
8494,"Bäretswil,Bauma,Fischenthal,Hittnau",ZH
8497,"Bäretswil,Fischenthal,Wald (ZH)",ZH
8498,"Bäretswil,Fischenthal,Hinwil,Wald (ZH)",ZH
8542,"Elsau,Wiesendangen,Winterthur",ZH
8544,"Rickenbach (ZH),Wiesendangen,Winterthur",ZH
8545,"Altikon,Dinhard,Ellikon an der Thur,Rickenbach (ZH),Wiesendangen,Winterthur",ZH
8600,"Dietlikon,Dübendorf,Fällanden,Schwerzenbach,Volketswil,Wallisellen,Wangen-Brüttisellen,Zürich",ZH
8602,"Bassersdorf,Dietlikon,Dübendorf,Lindau,Volketswil,Wangen-Brüttisellen",ZH
8603,"Dübendorf,Fällanden,Greifensee,Schwerzenbach,Volketswil",ZH
8604,"Dübendorf,Greifensee,Illnau-Effretikon,Lindau,Schwerzenbach,Uster,Volketswil,Wangen-Brüttisellen",ZH
8605,"Fehraltorf,Illnau-Effretikon,Uster,Volketswil",ZH
8606,"Greifensee,Schwerzenbach,Uster,Volketswil",ZH
8607,"Gossau (ZH),Mönchaltorf,Pfäffikon,Seegräben,Uster,Wetzikon (ZH)",ZH
8610,"Greifensee,Mönchaltorf,Pfäffikon,Seegräben,Uster,Volketswil",ZH
8614,"Gossau (ZH),Mönchaltorf,Uster,Wetzikon (ZH)",ZH
8615,"Fehraltorf,Pfäffikon,Uster,Volketswil",ZH
8616,"Greifensee,Mönchaltorf,Uster",ZH
8617,"Egg,Gossau (ZH),Greifensee,Maur,Mönchaltorf,Uster",ZH
8618,"Egg,Grüningen,Hombrechtikon,Männedorf,Oetwil am See,Stäfa,Uetikon am See",ZH
8620,"Bäretswil,Gossau (ZH),Hinwil,Mönchaltorf,Pfäffikon,Seegräben,Wetzikon (ZH)",ZH
8623,"Bäretswil,Pfäffikon,Wetzikon (ZH)",ZH
8624,"Gossau (ZH),Wetzikon (ZH)",ZH
8625,"Egg,Gossau (ZH),Grüningen,Mönchaltorf",ZH
8626,"Bubikon,Gossau (ZH),Grüningen,Hinwil,Wetzikon (ZH)",ZH
8627,"Bubikon,Egg,Gossau (ZH),Grüningen,Hombrechtikon,Oetwil am See",ZH
8632,"Dürnten,Rüti (ZH)",ZH
8634,"Bubikon,Grüningen,Hombrechtikon,Oetwil am See,Stäfa",ZH
8635,"Bubikon,Dürnten,Hinwil,Rüti (ZH),Wald (ZH)",ZH
8700,"Erlenbach (ZH),Küsnacht (ZH),Zollikon,Zumikon,Zürichsee (ZH)",ZH
8702,"Küsnacht (ZH),Zollikon,Zürich,Zürichsee (ZH)",ZH
8703,"Erlenbach (ZH),Herrliberg,Küsnacht (ZH),Zürichsee (ZH)",ZH
8704,"Egg,Erlenbach (ZH),Herrliberg,Küsnacht (ZH),Meilen,Zürichsee (ZH)",ZH
8706,"Egg,Herrliberg,Meilen,Uetikon am See,Zürichsee (ZH)",ZH
8707,"Egg,Männedorf,Meilen,Oetwil am See,Uetikon am See,Zürichsee (ZH)",ZH
8708,"Männedorf,Oetwil am See,Stäfa,Uetikon am See,Zürichsee (ZH)",ZH
8712,"Hombrechtikon,Männedorf,Oetwil am See,Stäfa,Zürichsee (ZH)",ZH
8800,"Oberrieden,Rüschlikon,Thalwil,Zürichsee (ZH)",ZH
8802,"Adliswil,Kilchberg (ZH),Rüschlikon,Zürich,Zürichsee (ZH)",ZH
8803,"Adliswil,Kilchberg (ZH),Langnau am Albis,Rüschlikon,Thalwil,Zürichsee (ZH)",ZH
8804,"Horgen,Wädenswil,Zürichsee (ZH)",ZH
8810,"Horgen,Oberrieden,Wädenswil,Zürichsee (ZH)",ZH
8815,"Horgen,Oberrieden",ZH
8820,"Horgen,Richterswil,Wädenswil,Zürichsee (ZH)",ZH
8907,"Birmensdorf (ZH),Bonstetten,Stallikon,Wettswil am Albis",ZH
8910,"Aeugst am Albis,Affoltern am Albis,Hedingen,Mettmenstetten,Obfelden,Stallikon",ZH
8911,"Aeugst am Albis,Hausen am Albis,Kappel am Albis,Mettmenstetten,Rifferswil",ZH
8914,"Aeugst am Albis,Affoltern am Albis,Hausen am Albis,Langnau am Albis,Mettmenstetten,Rifferswil,Stallikon",ZH
8915,"Aeugst am Albis,Hausen am Albis,Horgen,Kappel am Albis,Langnau am Albis,Rifferswil",ZH
8932,"Aeugst am Albis,Affoltern am Albis,Kappel am Albis,Knonau,Maschwanden,Mettmenstetten,Obfelden,Rifferswil",ZH
8942,"Horgen,Oberrieden,Thalwil,Zürichsee (ZH)",ZH
8951,"Dietikon,Geroldswil,Unterengstringen,Weiningen (ZH)",ZH
8952,"Dietikon,Oberengstringen,Schlieren,Uitikon,Unterengstringen,Urdorf,Zürich",ZH
8954,"Dietikon,Geroldswil,Oetwil an der Limmat,Weiningen (ZH)",ZH
